GROWP,SUBGROUP,CLASS,PROGRAM,NAME,DATA
1,0,0,0,ԸՆԴՀԱՆՈՒՐ ԲՆՈՒՅԹԻ ՀԱՆՐԱՅԻՆ ԾԱՌԱՅՈՒԹՅՈՒՆՆԵՐ,2016
1,1,0,0,"Օրենսդիր եւ գործադիր  մարմիններ, պետական կառավարում, ֆինանսական եւ հարկաբյուջետային հարաբերություններ, արտաքին հարաբերություններ",2016
1,1,1,0,"Օրենսդիր եւ  գործադիր մարմիններ, պետական կառավարում",2016
1,1,1,1,ՀՀ Ազգային ժողովի աշխատակազմի եւ պատգամավորների պահպանում,2016
1,1,1,2,ՀՀ Վերահսկիչ պալատի պահպանում,2016
1,1,1,3,"Գործադիր իշխանության, պետական կառավարման հանրապետական եւ տարածքային կառավարման մարմինների  պահպանում",2016
1,1,1,4,"Գործադիր իշխանության, պետական կառավարման հանրապետական եւ տարածքային կառավարման մարմինների պահպանում (նախարարների աշխատակազմերի մասով)",2016
1,1,1,5,"Գործադիր իշխանության, պետական կառավարման հանրապետական եւ տարածքային կառավարման մարմինների պահպանում (նախարարությունների աշխատակազմերի  մասով)",2016
1,1,1,6,Վարչական օբյեկտների շինարարություն,2016
1,1,1,7,Վարչական օբյեկտների հիմնանորոգում,2016
1,1,1,8,Հայաստանի Հանրապետության համայնքային բյուջեներին  սուբվենցիաների տրամադրում,2016
1,1,1,9,ՀՀ վերահսկիչ պալատի պահուստային ֆոնդ,2016
1,1,1,10,"Գործադիր իշխանության, պետական կառավարման հանրապետական եւ տարածքային կառավարման մարմինների  կարողությունների զարգացում",2016
1,1,1,11,"Գործադիր իշխանության, պետական կառավարման հանրապետական եւ տարածքային կառավարման մարմինների կարողությունների զարգացում (նախարարությունների աշխատակազմերի  մասով)",2016
1,1,1,12,"Հայաստանի Հանրապետության կառավարության գործունեության գնահատականների, կյանքի որակի եւ համայնքային կարիքների գնահատման հետազոտություններ",2016
1,1,1,13,Նախարարության «Ծրագրերի իրականացման գրասենյակ» պետական հիմնարկի պահպանում,2016
1,1,1,14,ՀՀ կառավարության աշխատակազմի «Օրենսդրության կարգավորման ազգային կենտրոն» ծրագրերի իրականացման գրասենյակի պահպանում,2016
1,1,1,15,ՀՀ արդարադատության նախարարության  «Անձնական տվյալների պաշտպանության գործակալության»  պահպանում,2016
1,1,1,16,"Գործադիր իշխանության, պետական կառավարման հանրապետական եւ տարածքային կառավարման մարմինների պահպանում արտաբյուջետային միջոցների հաշվին",2016
1,1,1,17,«Օժանդակություն Հայաստանի հակակոռուպցիոն ռազմավարության իրականացմանը» դրամաշնորհային ծրագիր,2016
1,1,1,18,«Հայաստանի Հանրապետության արդարադատության նախարարության եւ ԱՄՆ ՄԶԳ-ի միջեւ 2016թվականի սեպտեմբերի 13-ին կնքված N AAG-111-G-13-001 Զարգացման համագործակցության համաձայնագրի ներքո իրականացվող» դրամաշնորհային ծրագիր,2016
1,1,1,40,«Ավստրիայի զարգացման գործակալություն» ընկերության աջակցությամբ իրականացվող «Հայաստանի Հանրապետությունում կարգավորիչ գիլյոտին» դրամաշնորհային ծրագիր,2016
1,1,2,0,Ֆինանսական եւ հարկաբյուջետային հարաբերություններ,2016
1,1,2,1,ՀՀ պետական պարտքի կառավարման գործընթացի հրապարակայնության ապահովում,2016
1,1,2,2,Ակցիզային դրոշմանիշների ձեռքբերում,2016
1,1,2,3,"Գործադիր իշխանության, պետական կառավարման հանրապետական եւ տարածքային կառավարման մարմինների պահպանում (նախարարությունների աշխատակազմերի  մասով)",2016
1,1,2,4,Ֆինանսական կառավարման  համակարգի վճարահաշվարկային ծախսեր,2016
1,1,2,5,Ավելացված արժեքի հարկի վերադարձ,2016
1,1,2,6,Էլեկտրոնային գնումների համակարգի ներդրման գծով պետական պատվեր,2016
1,1,2,7,"Գործադիր իշխանության, պետական կառավարման հանրապետական եւ տարածքային կառավարման մարմինների կարողությունների զարգացում (նախարարությունների աշխատակազմերի  մասով)",2016
1,1,2,8,Դրոշմապիտակների ձեռքբերման ծախսեր,2016
1,1,2,9,Բլումբերգ եւ Ռոյթերս տեղեկատվական համակարգերի առեւտրային տերմինալների տեղադրման եւ սպասարկման վճար,2016
1,1,2,10,Հարկային ծառայության մարմնի համակարգի եվ մաքսային ծառայության նյութական խրախուսման եւ համակարգի զարգացման ֆոնդ,2016
1,1,2,11,"Եվրոպական ներդրումային բանկի աջակցությամբ իրականացվող ՀՀ պետական սահմանի «Բագրատաշեն», «Բավրա» եւ «Գոգովան» անցման կետերի արդիականացման ծրագիր",2016
1,1,2,12,Չինական Արտահանման-ներմուծման բանկի աջակցությամբ իրականացվող ՀՀ մաքսային զննման տեխնոլոգիաների եվ սարքավորումների արդիականացման ծրագիր,2016
1,1,2,13,ՌԴ-ի կառավարության աջակցությամբ իրականացվող ԵՏՄ-ի անդամակցության շրջանակներում ՀՀ-ին տեխնիկական եւ ֆինանսական  աջակցություն ցուցաբերելու դրամաշնորհային ծրագիր,2016
1,1,2,14,"Եվրոպական միության աջակցությամբ իրականացվող ՀՀ պետական սահմանի «Բագրատաշեն», «Բավրա» եւ «Գոգավան» անցման կետերի արդիականացման դրամաշնորհային ծրագիր",2016
1,1,2,40,"Եվրոպական միության Հարեւանության ներդրումային ծրագրի աջակցությամբ իրականացվող ՀՀ պետական սահմանի «Բագրատաշեն», «Բավրա» եւ «Գոգավան» անցման կետերի արդիականացման դրամաշնորհային ծրագիր",2016
1,1,3,0,Արտաքին հարաբերություններ,2016
1,1,3,1,ՀՀ դեսպանությունների եւ ներկայացուցչությունների պահպանում,2016
1,1,3,2,Միջազգային կազմակերպություններին Հայաստանի Հանրապետության անդամակցության վճարներ,2016
1,1,3,3,Արտասահմանյան պատվիրակությունների ընդունելություններ,2016
1,1,3,4,Արտասահմանյան պաշտոնական գործուղումներ,2016
1,1,3,5,ՀՀ արտաքին գործերի նախարարության աշխատակազմի «Պետական արարողակարգի ծառայություն» գործակալության պահպանում,2016
1,1,3,6,"Գործադիր իշխանության, պետական կառավարման հանրապետական եւ տարածքային կառավարման մարմինների պահպանում (նախարարությունների աշխատակազմերի  մասով)",2016
1,1,3,7,Դեսպանությունների շենքերի գնում,2016
1,1,3,8,Հայաստանի Հանրապետությանը սուվերեն վարկանիշ շնորհելու կապակցությամբ կազմակերպությունների կողմից մատուցված ծառայությունների դիմաց վճարման ծախսեր,2016
1,1,3,9,ՆԱՏO-ի նոր կենտրոնակայանի շենքի վերակառուցման աշխատանքների ծախսերի փոխհատուցման ՀՀ մասնաբաժին,2016
1,1,3,10,ՀՀ դեսպանություների եվ ներկայացուցչությունների պահպանում արտաբյուջետային միջոցների հաշվին,2016
1,2,0,0,Արտաքին տնտեսական օգնություն,2016
1,2,1,0,Արտաքին տնտեսական աջակցություն,2016
1,2,2,0,Միջազգային կազմակերպությունների միջոցով տրամադրվող տնտեսական օգնություն,2016
1,3,0,0,Ընդհանուր բնույթի ծառայություններ,2016
1,3,1,0,Աշխատակազմի /կադրերի/ գծով ընդհանուր բնույթի ծառայություններ,2016
1,3,1,1,"Գործադիր իշխանության, պետական կառավարման հանրապետական եւ տարածքային կառավարման մարմինների  պահպանում",2016
1,3,1,2,Քաղաքացիական ծառայության կադրերի ռեզերվում գտնվող քաղաքացիական ծառայողների վարձատրության հետ կապված ծախսեր,2016
1,3,1,3,Քաղաքացիակական կացության ակտերի գրանցման ծառայության  գործունեության կազմակերպման բնագավառում պետության կողմից  համայնքի ղեկավարին  պատվիրակված լիազորությունների իրականացման ֆինանսավորում,2016
1,3,2,0,Ծրագրման եւ վիճակագրական ընդհանուր ծառայություններ,2016
1,3,2,1,"Գործադիր իշխանության, պետական կառավարման հանրապետական եւ տարածքային կառավարման մարմինների  պահպանում",2016
1,3,2,2,Պետական վիճակագրական տեղեկատվության հավաքագրում,2016
1,3,2,3,Տեղեկատվական տեխնոլոգիաների ոլորտի խթանման ծառայություններ,2016
1,3,2,4,Գյումրու եւ Վանաձորի տեխնոլոգիական կենտրոնների գործունեության իրականացման ծրագիր,2016
1,3,2,5,ՀՀ պետական մարմիններին լիցենզիոն ծրագրային փաթեթներով ապահովում,2016
1,3,2,6,2015թվականի Հայաստանի ժողովրդագրության եւ առողջության հարցերի հետազոտություն,2016
1,3,3,0,Ընդհանուր բնույթի այլ ծառայություններ,2016
1,3,3,1,"Գործադիր իշխանության, պետական կառավարման հանրապետական եւ տարածքային կառավարման մարմինների  պահպանում",2016
1,3,3,2,ՀՀ Գեղարքունիքի մարզի Արծվաշեն համայնքի ղեկավարի աշխատակազմի պահպանում,2016
1,3,3,3,Պետական աջակցություն «Գնումների աջակցման կենտրոն» ՊՈԱԿ-ին,2016
1,3,3,4,Պետական աջակցություն «Սպասարկում» ՊՈԱԿ-ին,2016
1,4,0,0,Ընդհանուր բնույթի հետազոտական աշխատանք,2016
1,4,1,0,Ընդհանուր բնույթի հետազոտական աշխատանք,2016
1,4,1,1,Գիտաշխատողներին գիտական աստիճանների համար տրվող հավելավճարներ,2016
1,4,1,2,Գիտական եւ գիտատեխնիկական գործունեության հիմնարար եւ կարեւորագույն նշանակություն ունեցող կիրառական հետազոտություններ,2016
1,4,1,3,Գիտական եւ գիտատեխնիկական գործունեության ենթակառուցվածքների պահպանում ու զարգացում,2016
1,4,1,4,«Ա. Ալիխանյանի անվան ազգային գիտական լաբորատորիա» հիմնադրամի  գիտական եւ գիտատեխնիկական գործունեության ենթակառուցվածքի պահպանում ու զարգացում եւ գիտական ներուժի արդիականացում,2016
1,4,1,5,Ազգային արժեք ներկայացնող գիտական օբյեկտների պահպանություն,2016
1,4,1,6,«ՔԵՆԴԼ» սինքրոտրոնային հետազոտությունների ինստիտուտ» հիմնադրամին պետական աջակցություն,2016
1,5,0,0,Ընդհանուր բնույթի հանրային ծառայությունների գծով հետազոտական եւ նախագծային աշխատանքներ,2016
1,5,1,0,Ընդհանուր բնույթի հանրային ծառայությունների գծով հետազոտական եւ նախագծային աշխատանքներ,2016
1,5,1,1,Գիտական եւ գիտատեխնիկական գործունեության պայմանագրային (թեմատիկ) հետազոտություններ,2016
1,5,1,2,Գիտական եւ գիտատեխնիկական նպատակային-ծրագրային հետազոտություններ,2016
1,6,0,0,Ընդհանուր բնույթի հանրային ծառայություններ (այլ դասերին չպատկանող),2016
1,6,1,0,Ընդհանուր բնույթի հանրային ծառայություններ (այլ դասերին չպատկանող),2016
1,6,1,1,"Գործադիր իշխանության, պետական կառավարման հանրապետական եւ տարածքային կառավարման մարմինների  պահպանում",2016
1,6,1,2,ՀՀ  տեղական ինքնակառավարման մարմինների ընտրություններ,2016
1,6,1,3,Փորձաքննությունների  ծառայություններ,2016
1,6,1,4,Աճուրդների կազմակերպման եւ անցկացման աշխատանքներ,2016
1,6,1,5,Համաշխարհային բանկի աջակցությամբ իրականացվող Պետական հատվածի  բարեփոխումների երկրորդ ծրագիր,2016
1,6,1,6,"Պետական գույքի հաշվառման, գույքագրման, ուսումնասիրությունների եւ գնահատման աշխատանքների իրականացում",2016
1,6,1,7,Սեյսմիկ պաշտպանության ազգային ծառայություն,2016
1,6,1,8,ՀՀ կառավարությանն առընթեր անշարժ գույքի կադաստրի պետական կոմիտեի ստորաբաժանումների կողմից մատուցվող ծառայություններից ստացվող եկամուտների հաշվին կոմիտեի համակարգի պահպանում,2016
1,6,1,9,ԱՄՆ կառավարության աջակցությամբ իրականացվող «Հազարամյակի մարտահրավեր» դրամաշնորհային  ծրագիր,2016
1,6,1,10,"Գործադիր իշխանության, պետական կառավարման հանրապետական եւ տարածքային կառավարման մարմինների  կարողությունների զարգացում",2016
1,6,1,11,ՀՀ կառավարությանն առընթեր անշարժ գույքի կադաստրի պետական կոմիտեի ստորաբաժանումների կողմից մատուցվող ծառայություններից ստացվող եկամուտների հաշվին կոմիտեի համակարգի կարողությունների զարգացում,2016
1,6,1,12,Համաշխարհային բանկի աջակցությամբ իրականացվող Էլեկտրոնային հասարակության եւ մրցունակության համար նորարարության ծրագիր,2016
1,6,1,13,Համաշխարհային բանկի աջակցությամբ իրականացվող Հարկային վարչարարության արդիականացման ծրագիր,2016
1,6,1,14,Համաշխարհային բանկի աջակցությամբ իրականացվող հանրային հատվածի վերահսկողության (Վերահսկիչ պալատի) կարողությունների զարգացման դրամաշնորհային ծրագիր,2016
1,6,1,15,Համաշխարհային բանկի աջակցությամբ իրականացվող ՀՀ ֆինանսների նախարարության կարողությունների զարգացման դրամաշնորհային ծրագիր,2016
1,6,1,16,Համաշխարհային բանկի աջակցությամբ իրականացվող Հայաստանի կառավարության կարգավորող բարեփոխումների գրասենյակի կարողությունների զարգացման դրամաշնորհային ծրագիր,2016
1,6,1,17,Համաշխարհային բանկի աջակցությամբ իրականացվող Հայաստանի հանրային ֆինանսական կառավարման հզորացման դրամաշնորհային ծրագիր,2016
1,6,1,18,Համաշխարհային բանկի աջակցությամբ իրականացվող Կենսաթոշակների մասին հանրային իրազեկման եւ գրագիտության դրամաշնորհային ծրագիր,2016
1,6,1,19,Համաշխարհային բանկի աջակցությամբ իրականացվող քաղաքաշինական թույլտվությունների էլեկտրոնային մշակման եւ մեկ պատուհանից տրամադրման ծրագրի համար ԻԶՀ դրամաշնորհային ծրագիր,2016
1,6,1,20,Համաշխարհային բանկի աջակցությամբ  իրականացվող առեւտրի եւ ենթակառուցվածքների զարգացման ծրագիր,2016
1,6,1,21,Համաշխարհային բանկի աջակցությամբ իրականացվող երիտասարդների ներգրավվածության խթանման դրամաշնորհային ծրագրի,2016
1,6,1,22,Համաշխարհային բանկի աջակցությամբ իրականացվող Տեղական տնտեսության ենթակառուցվածքի զարգացման  դրամաշնորհային ծրագիր,2016
1,6,1,23,Հիմնարկներին եվ կազմակերպություններին ամրացված` յուրաքանչյուր միավոր մինչեվ 5 մլն դրամ գնահատված արժեքով շարժական գույքի օտարման գործընթացում գտնվելու ժամանակահատվածում գույքի պահառության կազմակերպում,2016
1,6,1,24,"Ընտրական վարչարարության փորձի ուսումնասիրում, ընտրական վարչարարության բարձրացում, կենտրոնական ընտրական հանձնաժողովի վերազինում եւ ընտրական օրենսդրությանը վերաբերող նյութերի հրատարակում",2016
1,6,1,40,Համաշխարհային բանկի աջակցությամբ իրականացվող պետական հատվածի արդիականացման երրորդ ծրագիր,2016
1,7,0,0,Պետական պարտքի գծով գործառնություններ,2016
1,7,1,0,Պետական պարտքի գծով գործառնություններ,2016
1,7,1,1,ՀՀ պետական արժեթղթերի (գանձապետական պարտատոմսերի) սպասարկում (տոկոսավճար),2016
1,7,1,2,"Օտարերկրյա պետություններից, միջազգային կազմակերպություններից եւ այլ արտաքին աղբյուրներից ստացված վարկերի սպասարկում  (տոկոսավճար)",2016
1,7,1,3,Մուրհակների սպասարկման ծախսեր (տոկոսավճարներ),2016
1,7,1,4,Արտարժութային պետական պարտատոմսերի սպասարկում (տոկոսավճարներ),2016
1,8,0,0,Կառավարության տարբեր մակարդակների միջեւ իրականացվող ընդհանուր բնույթի տրանսֆերտներ,2016
1,8,1,0,Կառավարության տարբեր մակարդակների միջեւ իրականացվող ընդհանուր բնույթի տրանսֆերտներ,2016
1,8,1,1,Համայնքների բյուջեներին ֆինանսական համահարթեցման սկզբունքով դոտացիաների տրամադրում եւ Ազգային Ժողովի ընդունած օրենքների կիրարկման արդյունքում համայնքների բյուջեների եկամուտների կորուստների փոխհատուցում,2016
1,8,1,2,Հայաստանի Հանրապետության համայնքային բյուջեներին  սուբվենցիաների տրամադրում,2016
1,8,1,3,Պետական աջակցություն տեղական ինքնակառավարման մարմիններին,2016
1,8,1,4,Պետական աջակցություն սահմանամերձ համայնքներին,2016
1,8,1,5,Էլեկտրաէներգիայի սակագնի բարձրացմամբ պայմանավորված Երեւան համայնքին սուբվենցիայի տրամադրում,2016
2,0,0,0,ՊԱՇՏՊԱՆՈՒԹՅՈՒՆ,2016
2,1,0,0,Ռազմական պաշտպանություն,2016
2,1,1,0,Ռազմական պաշտպանություն,2016
2,1,1,1,ՀՀ ռազմական կցորդների պահպանում,2016
2,1,1,2,Ռազմական կարիքների բավարարում,2016
2,1,1,3,ՀԱՊԿ-ում ՀՀ զինված ուժերի ներկայացուցչի պահպանում,2016
2,1,1,4,Եվրոպայում անվտանգության եւ համագործակցության կազմակերպությունում ՀՀ առաքելությունում ՀՀ ռազմական ներկայացուցչի պահպանում,2016
2,1,1,5,Ռազմական նշանակության համակարգերի պահպանում,2016
2,1,1,6,Ռուսաստանի Դաշնության  կողմից տրամադրված պետական արտահանման վարկի հաշվին ռուսական արտադրության ռազմական նշանակության արտադրանքի մատակարարումների ֆինանսավորում,2016
2,2,0,0,Քաղաքացիական պաշտպանություն,2016
2,2,1,0,Քաղաքացիական պաշտպանություն,2016
2,3,0,0,Արտաքին ռազմական օգնություն,2016
2,3,1,0,Արտաքին ռազմական օգնություն,2016
2,3,1,1,Երեւանում ՆԱՏՕ-ի հասարակական տեղեկատվական կենտրոնի ապահովում,2016
2,3,1,2,ՆԱՏՕ-ում Հայաստանի Հանրապետության առաքելությունում պաշտպանության հարցերով պետական խորհրդականի պահպանում,2016
2,3,1,3,ՆԱՏՕ-ում (ռազմավարական հրամանատարությունների) ռազմական համագործակցության վարչությունում Հայաստանի Հանրապետության  փոխգործակցության սպայի պահպանում,2016
2,3,1,4,ՆԱՏՕ-ում Հայաստանի Հանրապետության առաքելությունում Հայաստանի Հանրապետության ռազմական ներկայացուցչի պահպանում,2016
2,4,0,0,Հետազոտական եւ նախագծային աշխատանքներ պաշտպանության ոլորտում,2016
2,4,1,0,Հետազոտական եւ նախագծային աշխատանքներ պաշտպանության ոլորտում,2016
2,4,1,1,«Գիտական եւ գիտատեխնիկական նպատակային-ծրագրային հետազոտություններ» ծրագրի շրջանակներում կատարվող Հատուկ գիտահետազոտական եւ փորձակոնստրուկտորական աշխատանքներ,2016
2,5,0,0,Պաշտպանություն (այլ դասերին չպատկանող),2016
2,5,1,0,Պաշտպանություն (այլ դասերին չպատկանող),2016
2,5,1,1,Պաշտպանության բնագավառի այլ ծախսեր,2016
2,5,1,2,Այլընտրանքային ծառայության ապահովում,2016
2,5,1,3,Զորակոչիկներին վարորդական իրավունքի վկայականների տրման եւ քննությունների ընդունման ծախսեր,2016
2,5,1,4,Հումանիտար ականազերծման եւ փորձագիտական ծառայությունների կազմակերպում,2016
2,5,1,5,Այլ ծախսեր,2016
3,0,0,0,"ՀԱՍԱՐԱԿԱԿԱՆ ԿԱՐԳ,  ԱՆՎՏԱՆԳՈՒԹՅՈՒՆ ԵՎ ԴԱՏԱԿԱՆ ԳՈՐԾՈՒՆԵՈՒԹՅՈՒՆ",2016
3,1,0,0,Հասարակական կարգ եւ անվտանգություն,2016
3,1,1,0,Ոստիկանություն,2016
3,1,1,1,Հասարակական կարգի պահպանության ապահովում,2016
3,1,1,2,Պետավտոհամարանիշների ձեռքբերում,2016
3,1,1,3,"ՀՀ պետական կառավարման մարմինների եւ կազմակերպությունների շենքերի եւ շինությունների, ինչպես նաեւ կարեւորագույն նշանակության օբյեկտների պահպանություն",2016
3,1,1,4,"ՀՀ ՊՆ, ՀՀ ԿԱ ԱԱԾ կրտսեր, միջին, ավագ եւ ՀՀ ոստիկանության միջին, ավագ, գլխավոր սպայական անձնակազմին` կենցաղային տեխնիկայի ձեռքբերմանն աջակցելու նպատակով տրամադրվող սպառողական վարկերի  տոկոսագումարները 2 կամ 3 տոկոսային կետով համաֆինանսավորման ծրագիր",2016
3,1,1,5,ՀՀ կառավարությանն առընթեր ՀՀ ոստիկանության ստորոբաժանումների կողմից ՀՀ անունից պայմանագրային հիմունքներով պահպանության եւ անվտանգության գծով իրականացվող ծառայությունների մատուցում,2016
3,1,1,6,"ՀՀ կառավարությանն առընթեր ՀՀ ոստիկանության ճանապարհային ոստիկանության կողմից արձանագրված խախտումների համար վարչական տուգանքների գանձումներից, գրանցման-քննական ծառայությունների դիմաց վճարումներ եւ այլ վճարովի ծառայություններ",2016
3,1,1,7,«Քաղաքացիների բժշկական օգնության եւ սպասարկման վճարովի ծառայության մատուցում»,2016
3,1,1,8,ՀՀ քաղաքացու անձնագիր տալու կամ փոխանակելու վճարովի ծառայություն,2016
3,1,1,40,ՀՀ  անձնագրերի բլանկների տպագրություն,2016
3,1,2,0,Ազգային անվտանգություն,2016
3,1,2,1,Ազգային անվտանգության ապահովում,2016
3,1,2,2,ՀՀ ազգային անվտանգության խորհրդի աշխատակազմի պահպանում,2016
3,1,2,4,ՀՀ կառավարական կապի անվտանգության ապահովում,2016
3,1,3,0,Պետական պահպանություն,2016
3,1,3,1,Պետական պահպանության ապահովում,2016
3,2,0,0,Փրկարար  ծառայություն,2016
3,2,1,0,Փրկարար ծառայություն,2016
3,2,1,1,Նախարարության «Ծրագրերի իրականացման գրասենյակ» պետական հիմնարկի պահպանում,2016
3,2,1,2,Փրկարար ծառայության համակարգի ստորաբաժանումների պահպանում,2016
3,3,0,0,Դատական գործունեություն եւ իրավական պաշտպանություն,2016
3,3,1,0,Դատարաններ,2016
3,3,1,1,ՀՀ սահմանադրական դատարանի պահպանում,2016
3,3,1,2,Դատական ակտերի հարկադիր կատարումն ապահովող ծառայության պահպանում,2016
3,3,1,3,Վարչական օբյեկտների հիմնանորոգում,2016
3,3,1,4,ՀՀ սահմանադրական դատարանի պահուստային ֆոնդ,2016
3,3,1,5,ՀՀ դատարանների պահուստային ֆոնդ,2016
3,3,1,6,ՀՀ սահմանադրական դատարանի կարողությունների զարգացում,2016
3,3,1,7,ՀՀ դատարանների պահպանում,2016
3,3,1,8,ՀՀ դատարանների կարողությունների զարգացում,2016
3,3,1,9,Համաշխարհային բանկի աջակցությամբ իրականացվող Փաստաբանական դպրոցի վերապատրաստման կարողությունների զարգացման դրամաշնորհային ծրագիր,2016
3,3,1,40,Համաշխարհային բանկի աջակցությամբ  իրականացվող Դատաիրավական բարեփոխումների երկրորդ ծրագրի լրացուցիչ ֆինանսավորման ծրագիր,2016
3,3,2,0,Իրավական պաշտպանություն,2016
3,3,2,1,ՀՀ մարդու իրավունքների պաշտպանի աշխատակազմի պահպանման ծախսեր,2016
3,3,2,2,Հանրային պաշտպանի գրասենյակի պահպանում,2016
3,3,2,3,ՀՀ մարդու իրավունքների պաշտպանի աշխատակազմի կարողությունների զարգացում,2016
3,3,2,4,"Դատավարություններին ընդգրկված թարգմանիչների, փորձագետների եւ վկաների վարձատրություն",2016
3,3,2,5,Անվճարունակության գործերով կառավարիչներին իրենց մատուցած ծառայությունների դիմաց փոխհատուցում,2016
3,3,2,6,Մարդու իրավունքների պաշտպանին միջազգային եւ դոնոր կազմակերպությունների կողմից հատկացվող ֆինանսական աջակցություն,2016
3,4,0,0,Դատախազություն,2016
3,4,1,0,Դատախազություն,2016
3,4,1,1,ՀՀ դատախազության պահպանում,2016
3,4,1,2,ՀՀ դատախազության պահուստային ֆոնդ,2016
3,5,0,0,Կալանավայրեր,2016
3,5,1,0,Կալանավայրեր,2016
3,5,1,1,Քրեակատարողական համակարգի պահպանում,2016
3,5,1,2,«Էլեկտրոնային մոնիթորինգի սարքավորումների փորձարկում քրեակատարողական հիմնարկների պիլոտային ստորաբաժանումներում» դրամաշնորհային ծրագիր,2016
3,6,0,0,Հետազոտական ու նախագծային աշխատանքներ հասարակական կարգի եւ անվտանգության ոլորտում,2016
3,6,1,0,Հետազոտական ու նախագծային աշխատանքներ հասարակական կարգի եւ անվտանգության ոլորտում,2016
3,7,0,0,Նախաքննություն,2016
3,7,1,0,Նախաքննություն,2016
3,7,1,1,ՀՀ քննչական կոմիտեի պահպանում,2016
3,7,1,2, ՀՀ քննչական կոմիտեի պահուստային ֆոնդ,2016
3,7,1,3,ՀՀ հատուկ քննչական ծառայության պահպանում,2016
3,7,1,4,ՀՀ հատուկ քննչական ծառայության կարողությունների զարգացում,2016
3,7,1,5,ՀՀ հատուկ քննչական ծառայության պահուստային ֆոնդ,2016
3,8,1,0,Հասարակական կարգ եւ անվտանգություն (այլ դասերին չպատկանող),2016
4,0,0,0,ՏՆՏԵՍԱԿԱՆ ՀԱՐԱԲԵՐՈՒԹՅՈՒՆՆԵՐ,2016
4,1,0,0,"Ընդհանուր բնույթի տնտեսական, առեւտրային եւ աշխատանքի գծով հարաբերություններ",2016
4,1,1,0,Ընդհանուր բնույթի տնտեսական եւ առեւտրային  հարաբերություններ,2016
4,1,1,1,"Գործադիր իշխանության, պետական կառավարման հանրապետական եւ տարածքային կառավարման մարմինների  պահպանում",2016
4,1,1,2,"Գործադիր իշխանության, պետական կառավարման հանրապետական եւ տարածքային կառավարման մարմինների պահպանում (նախարարությունների աշխատակազմերի  մասով)",2016
4,1,1,3,Ստանդարտների  մշակման ծառայություններ,2016
4,1,1,4,Արտասահմանում առեւտրային ներկայացուցչությունների պահպանում,2016
4,1,1,5,Հիդրոօդերեւութաբանական ծառայություններ,2016
4,1,1,6,Աջակցություն  ՓՄՁ սուբյեկտներին,2016
4,1,1,7,"Գործադիր իշխանության, պետական կառավարման հանրապետական եւ տարածքային կառավարման մարմինների  կարողությունների զարգացում",2016
4,1,1,8,Տեխնիկական կանոնակարգի պահանջների եւ չափագիտական կանոնների ու նորմերի պահպանման վերահսկողության պետական ծրագիր,2016
4,1,1,9,Պետական աջակցություն «ՀՀ հավատարմագրման համակարգի բարեփոխում եւ Հավաքագրման ազգային մարմնի կայացում» ծրագրին,2016
4,1,1,10,ՀՀ արտահանմանն ուղղված արդյունաբերական քաղաքականության ոազմավարությամբ նախատեսված միջոցառումների իրականացման պետական աջակցություն,2016
4,1,1,11,ՀՀ էկոնոմիկայի նախարարության ներքո գործող տեսչական բարեփոխումների քարտուղարության պետական աջակցության ծրագիր,2016
4,1,1,12,Որակի ենթակառուցվածքների բարեփոխում,2016
4,1,1,13,Հայաստանում ներդրումային  միջավայրի բարեփոխումների ծրագիր,2016
4,1,1,14,Տնտեսական հետազոտությունների կենտրոնի ստեղծում,2016
4,1,1,15,Պետական աջակցություն «Հայաստանի զարգացման հիմնադրամ» - ի կանոնադրական հիմնախնդիրների իրականացմանը,2016
4,1,1,16,ՀՀ էկոնոմիկայի նախարարության Շուկայի վերահսկողության տեսչական մարմին,2016
4,1,1,17,"Գործադիր իշխանության, պետական կառավարման հանրապետական եւ տարածքային կառավարման մարմինների պահպանում արտաբյուջետային միջոցների հաշվին",2016
4,1,1,40,Պետական աջակցություն «Հայաստանի ազգային  մրցունակության հիմնադրամ»-ի կանոնադրական հիմնախնդիրների իրականացմանը,2016
4,1,2,0,Աշխատանքի հետ կապված ընդհանուր բնույթի հարաբերություններ,2016
4,2,0,0,"Գյուղատնտեսություն, անտառային տնտեսություն, ձկնորսություն եւ որսորդություն",2016
4,2,1,0,Գյուղատնտեսություն,2016
4,2,1,1,"Գործադիր իշխանության, պետական կառավարման հանրապետական եւ տարածքային կառավարման մարմինների  պահպանում",2016
4,2,1,2,"Գործադիր իշխանության, պետական կառավարման հանրապետական եւ տարածքային կառավարման մարմինների պահպանում (նախարարությունների աշխատակազմերի  մասով)",2016
4,2,1,3,Սերմերի որակի ստուգման   ու պետական սորտափորձարկման միջոցառումներ,2016
4,2,1,4,Բույսերի պաշտպանության միջոցառումներ,2016
4,2,1,5,Հողերի ագրոքիմիական հետազոտության եւ բերրիության բարձրացման միջոցառումներ,2016
4,2,1,6,Գյուղատնտեսական կենդանիների պատվաստում,2016
4,2,1,7,Գյուղական խորհրդատվական ծառայություններ,2016
4,2,1,8,"Անասնաբուժասանիտարիայի, սննդամթերքի  անվտանգության եւ բուսասանիտարիայի ոլորտներում ծառայությունների մատուցում",2016
4,2,1,9,"Գյուղատնտեսական կենդանիների հիվանդությունների լաբորատոր ախտորոշման եւ կենդանական ծագում ունեցող հումքի եւ նյութի, բույսերի կարանտինի, գյուղմշակաբույսերի եւ բույսերի պաշտպանության միջոցների լաբորատոր փորձաքննությունների իրականացում",2016
4,2,1,10,Բուսասանիտարական համակարգի բարելավում եւ մասնագիտական գիտելիքների բարձրացմանն աջակցություն,2016
4,2,1,11,Սննդամթերքի լաբորատոր փորձաքննություններ,2016
4,2,1,12,Գյուղատնտեսության զարգացման միջազգային հիմնադրամի աջակցությամբ իրականացվող «Գյուղական կարողությունների  ստեղծում»  դրամաշնորհային ծրագիր,2016
4,2,1,13,Գյուղատնտեսության ոլորտին տրամադրվող վարկերի տոկոսադրույքների սուբսիդավորման ծրագիր,2016
4,2,1,14,ՕՊԵԿ զարգացման միջազգային հիմնադրամի աջակցությամբ իրականացվող «Գյուղական կարողությունների ստեղծում» ծրագիր,2016
4,2,1,15,Համաշխարհային բանկի աջակցությամբ իրականացվող Համայնքների գյուղատնտեսական ռեսուրսների կառավարման եւ մրցունակության ծրագիր,2016
4,2,1,16,Գյուղատնտեսության զարգացման միջազգային հիմնադրամի աջակցությամբ իրականացվող «Գյուղական կարողությունների  ստեղծում»  ծրագիր,2016
4,2,1,17,Գյուղատնտեսական համատարած հաշվառման նախապատրաստական աշխատանքների կազմակերպում եւ անցկացում,2016
4,2,1,18,Դանիական թագավորության աջակցությամբ իրականացվող «Գյուղական կարողությունների ստեղծում» դրամաշնորհային ծրագիր,2016
4,2,1,19,Համաշխարհային բանկի աջակցությամբ իրականացվող Գլոբալ էկոլոգիական հիմնադրամի կողմից տրամադրված Համայնքների գյուղատնտեսական ռեսուրսների կառավարման եւ մրցունակության  դրամաշնորհային ծրագիր,2016
4,2,1,20,Համաշխարհային բանկի աջակցությամբ իրականացվող Համայնքների գյուղատնտեսական ռեսուրսների կառավարման եւ մրցունակության երկրորդ ծրագիր,2016
4,2,1,21,Գյուղատնտեսության զարգացման միջազգային հիմնադրամի աջակցությամբ իրականացվող «Ենթակառուցվածքների եւ գյուղական ֆինանսավորման աջակցություն»  ծրագիր,2016
4,2,1,22,ՕՊԵԿ զարգացման միջազգային հիմնադրամի աջակցությամբ իրականացվող «Ենթակառուցվածքների եւ գյուղական ֆինանսավորման աջակցություն» ծրագիր,2016
4,2,1,23,Եվրամիության փորձարկման ռեֆերենս մեթոդներով մեղրի եւ ձկան փորձաքննությունների ծառայություններ,2016
4,2,1,24,Պետական աջակցություն գյուղատնտեսական հողօգտագործողներին  մատչելի գներով պարարտանյութերի ձեռքբերման համար,2016
4,2,1,25,Պետական աջակցություն գյուղատնտեսական հողօգտագործողներին մատչելի գներով դիզելային վառելիքի ձեռքբերման համար,2016
4,2,1,26,ՀՀ գյուղատնտեսության նախարարության սննդամթերքի անվտանգության պետական ծառայության նյութական խրախուսման եվ համակարգի զարգացման ֆոնդ,2016
4,2,1,27,Ներմուծվող սննդամթերքի եւ (կամ) կենդանական ծագման մթերքի լաբորատոր փորձաքննության վճարներ,2016
4,2,1,28,Տոհմային երինջների ձեռք բերում,2016
4,2,1,29,Գլոբալ էկոլոգիական հիմնադրամի աջակցությամբ իրականացվող «Հայաստանում արտադրողականության աճին ուղղված հողերի կայուն կառավարում» դրամաշնորհային ծրագիր,2016
4,2,1,40,Գյուղատնտեսական կենդանիների արհեստական սերմնավորում,2016
4,2,1,42,Հայաստանի Հանրապետությունում գյուղատնտեսական կենդանիների համարակալում եւ հաշվառում,2016
4,2,1,45,Գյուղատնտեսության զարգացման միջազգային հիմնադրամի աջակցությամբ իրականացվող «Ենթակառուցվածքների եւ Գյուղական ֆինանսավորման աջակցություն» դրամաշնորհային ծրագիր,2016
4,2,2,0,Անտառային տնտեսություն,2016
4,2,2,1,Անտառպահպանական ծառայություններ,2016
4,2,2,2,Անտառային պետական մոնիտորինգի իրականացում,2016
4,2,3,0,Ձկնորսություն եւ որսորդություն,2016
4,2,4,0,Ոռոգում,2016
4,2,4,1,Ոռոգման ծառայություններ մատուցող ընկերություններին ֆինանսական աջակցության տրամադրում,2016
4,2,4,2,"Կոլեկտորադրենաժային ցանցի պահպանում եւ շահագործում, գրունտային ջրերի մակարդակների եւ որակի որոշման աշխատանքներ",2016
4,2,4,3,Ջրատեխնիկական կառույցների ուսումնասիրություններ,2016
4,2,4,4,Ոռոգման համակարգերի հիմնանորոգում,2016
4,2,4,5,Ոռոգում ջրառ իրականացնող կազմակերպություններին ֆինանսական աջակցության տրամադրում,2016
4,2,4,6,Համաշխարհային բանկի աջակցությամբ իրականացվող Ոռոգման համակարգերի արդյունավետության բարձրացման ծրագիր,2016
4,2,4,7,Եվրասիական զարգացման բանկի աջակցությամբ իրականացվող ոռոգման համակարգերի զարգացման ծրագիր,2016
4,2,4,8,Գերմանիայի զարգացման վարկերի բանկի աջակցությամբ իրականացվող Ախուրյան գետի ջրային ռեսուրսների ինտեգրված կառավարման ծրագիր,2016
4,2,4,9,Ֆրանսիայի Հանրապետության կառավարության աջակցությամբ իրականացվող Վեդու ջրամբարի կառուցման ծրագիր,2016
4,2,4,40,Գերմանիայի զարգացման վարկերի բանկի աջակցությամբ իրականացվող Ախուրյան գետի ջրային ռեսուրսների ինտեգրված կառավարման դրամաշնորհային ծրագիր,2016
4,3,0,0,Վառելիք եւ էներգետիկա,2016
4,3,1,0,Քարածուխ եւ այլ կարծր բնական վառելիք,2016
4,3,2,0,Նավթամթերք եւ բնական գազ,2016
4,3,3,0,Միջուկային վառելիք,2016
4,3,3,1,"Գործադիր իշխանության, պետական կառավարման հանրապետական եւ տարածքային կառավարման մարմինների  պահպանում",2016
4,3,4,0,Վառելիքի այլ տեսակներ,2016
4,3,4,1,Համաշխարհային բանկի աջակցությամբ իրականացվող էներգախնայողության դրամաշնորհային ծրագիր,2016
4,3,4,2,ՌԴ-ի աջակցությամբ իրականացվող Հայկական ԱԷԿ-ի համար 2 էներգաբլոկի շահագործման նախագծային ժամկետի երկարացման դրամաշնորհային ծրագիր,2016
4,3,4,3,Համաշխարհային բանկի աջակցությամբ իրականացվող Երկրաջերմային հետախուզական հորատման դրամաշնորհային ծրագիր,2016
4,3,4,4,Համաշխարհային բանկի աջակցությամբ իրականացվող դրամաշնորհ` արդյունաբերական մասշտաբի արեվային էներգիայի ծրագրի նախապատրաստման համար դրամաշնորհային ծրագիր,2016
4,3,4,5,Իրանի Իսլամական Հանրապետության աջակցությամբ իրականացվող Հայաստանի Հանրապետությունում Իրանի հետ սահմանամերձ բնակավայրերի գազի բաշխման ցանցի կառուցման դրամաշնորհային  ծրագիր,2016
4,3,4,41,Վերակառուցման եւ զարգացման միջազգային բանկի աջակցությամբ իրականացվող էլեկտրամատակարարման հուսալիության ծրագիր,2016
4,3,4,42,ՌԴ-ի աջակցությամբ իրականացվող Հայկական ԱԷԿ-ի համար 2 էներգաբլոկի շահագործման նախագծային ժամկետի երկարացման ծրագիր,2016
4,3,5,0,Էլեկտրաէներգիա,2016
4,3,5,1,"Գործադիր իշխանության, պետական կառավարման հանրապետական եւ տարածքային կառավարման մարմինների պահպանում (նախարարությունների աշխատակազմերի  մասով)",2016
4,3,5,2,Գերմանիայի զարգացման վարկերի բանկի աջակցությամբ իրականացվող «Կովկասյան էլեկտրահաղորդման ցանց-I» Հայաստան-Վրաստան հաղորդիչ գիծ/ենթակայանների ծրագիր,2016
4,3,5,3,Ասիական զարգացման բանկի աջակցությամբ իրականացվող էլեկտրաէներգիայի հաղորդման ցանցի վերակառուցման շրջանակներում 220կվ «Ագարակ-2» եւ «Շինուհայր» ենթակայանների վերակառուցման ծրագիր,2016
4,3,5,4,Ասիական զարգացման բանկի աջակցությամբ իրականացվող էլեկտրաէներգիայի հաղորդման ցանցի վերակառուցման շրջանակներում կարգավորման կառավարման ավտոմատացված համակարգի  (SCADA) ընդլայնման ծրագիր,2016
4,3,5,5,Վերակառուցման եվ զարգացման եվրոպական բանկի աջակցությամբ իրականացվող էլեկտրահաղորդման ցանցի բարելավման շրջանակներում «Աշնակ» ենթակայանի վերակառուցման եւ էլեկտրաէներգետիկական համակարգի կառավարման բարելավման ծրագիր,2016
4,3,5,6,Վերակառուցման եվ զարգացման միջազգային բանկի աջակցությամբ իրականացվող էլեկտրահաղորդման ցանցի բարելավման շրջանակներում Երեվանի ՋԷԿ-ի ենթակայանի վերակառուցման ծրագիր,2016
4,3,6,0,Ոչ էլեկտրական էներգիա,2016
4,4,0,0,"Լեռնաարդյունահանում, արդյունաբերություն եւ շինարարություն",2016
4,4,1,0,"Հանքային ռեսուրսների արդյունահանում, բացառությամբ բնական վառելիքի",2016
4,4,1,1,Ընդերքի մասին տեղեկատվության տրամադրման ծառայություն,2016
4,4,2,0,Արդյունաբերություն,2016
4,4,3,0,Շինարարություն,2016
4,5,0,0,Տրանսպորտ,2016
4,5,1,0,Ճանապարհային տրանսպորտ,2016
4,5,1,1,Պետական նշանակության ավտոճանապարհների հիմնանորոգում,2016
4,5,1,2,"Միջպետական եւ հանրապետական նշանակության ավտոճանապարհների ձմեռային պահպանում, ընթացիկ պահպանում եւ շահագործում",2016
4,5,1,3,Տրանսպորտային օբյեկտների հիմնանորոգում,2016
4,5,1,4,"Մարզային  նշանակության ավտոճանապարհների ձմեռային պահպանում, ընթացիկ պահպանում եւ շահագործում",2016
4,5,1,5,Ասիական զարգացման բանկի աջակցությամբ իրականացվող Հյուսիս-հարավ տրանսպորտային միջանցքի զարգացման ծրագիր,2016
4,5,1,6,Պետական աջակցություն «Տրանսպորտային փոխադրումներ» ՊՈԱԿ-ին,2016
4,5,1,7,Ասիական զարգացման բանկի աջակցությամբ իրականացվող Հյուսիս-Հարավ տրանսպորտային միջանցքի զարգացման ծրագիր (Տրանշ 2),2016
4,5,1,8,Ասիական բանկի աջակցությամբ իրականացվող քաղաքային ենթակառուցվածքների եւ քաղաքի կայուն զարգացման ներդրումային ծրագիր (Երեւան համայնքի ղեկավարին պետության կողմից պատվիրակված լիազորություն),2016
4,5,1,9,Հայաստանի Հանրապետությունում հսկիչ սարքերի (թվային տախոգրաֆի) համակարգի պահպանում (սպասարկում),2016
4,5,1,10,Համաշխարհային բանկի աջակցությամբ իրականացվող Կենսական նշանակության ճանապարհացանցի բարելավման ծրագիր,2016
4,5,1,11,Եվրոպական ներդրումային բանկի աջակցությամբ իրականացվող Հյուսիս-հարավ տրանսպորտային միջանցքի զարգացման դրամաշնորհային ծրագիր (Տրանշ 3),2016
4,5,1,12,Վերակառուցման եվ զարգացման եվրոպական բանկի աջակցությամբ իրականացվող ՀՀ պետական սահմանի «Բագրատաշեն» անցման կետի կամրջի վերակառուցման ծրագիր,2016
4,5,1,13,Եվրոպական ներդրումային բանկի աջակցությամբ իրականացվող Հյուսիս - հարավ տրանսպորտային միջանցքի զարգացման ծրագիր (Տրանշ 3),2016
4,5,1,14,Ասիական զարգացման բանկի աջակցությամբ իրականացվող Հյուսիս - հարավ տրանսպորտային միջանցքի զարգացման ծրագիր (Տրանշ 3),2016
4,5,1,15,Եվրասիական զարգացման բանկի  աջակցությամբ Հյուսիս - հարավ տրանսպորտային միջանցքի զարգացման ծրագիր,2016
4,5,1,16,Ասիական բանկի աջակցությամբ իրականացվող Քաղաքային ենթակառուցվածքների եւ քաղաքի կայուն զարգացման ներդրումային երկրորդ ծրագիր /Երեւան համայնքի ղեկավարին պետության կողմից պատվիրակված լիազորություն/,2016
4,5,1,17,Պետական աջակցության «Հայաստանի ավտոմոբիլային ճանապարհների տնօրինություն» ՊՈԱԿ-ին,2016
4,5,1,18,Համաշխարհային բանկի աջակցությամբ իրականացվող Կենսական նշանակության ճանապարհացանցի բարելավման լրացուցիչ ծրագիր,2016
4,5,1,19,Պետական աջակացություն Երեւան քաղաքի փողոցների ընթացիկ նորոգման եւ ճաքալցման աշխատանքների իրականացման համար,2016
4,5,1,20,Ասիական զարգացման բանկի աջակցությամբ իրականացվող Մ6 Վանաձոր-Ալավերդի-Վրաստանի սահման միջպետական նշանակության ճանապարհի վերականգնման եւ բարելավման ծրագիր,2016
4,5,1,21,Եվրոպական ներդրումային բանկի աջակցությամբ իրականացվող Մ6 Վանաձոր-Ալավերդի-Վրաստանի սահման միջպետական նշանակության ճանապարհի վերականգնման եւ բարելավման ծրագիր,2016
4,5,1,22,Վերակառուցման եւ զարգացման եվրոպական բանկի աջակցությամբ իրականացվող ՀՀ պետական սահմանի Բագրատաշեն անցման կետի կամրջի վերակառուցման ծրագրի շրջանակներում խորհրդատվական ծառայությունների ձեռքբերման դրամաշնորհային ծրագիր,2016
4,5,2,0,Ջրային տրանսպորտ,2016
4,5,3,0,Երկաթուղային տրանսպորտ,2016
4,5,3,1,Ուղեւորափոխադրումներից ստացված վնասի դիմաց «Հարավկովկասյան երկաթուղի»  ՓԲԸ-ին սուբսիդիայի տրամադրում,2016
4,5,3,2,«Երկաթուղու շինարարության տնօրինություն»  ՓԲԸ-ին սուբսիդիայի տրամադրում,2016
4,5,4,0,Օդային տրանսպորտ,2016
4,5,4,1,"Գործադիր իշխանության, պետական կառավարման հանրապետական եւ տարածքային կառավարման մարմինների  պահպանում",2016
4,5,4,2,ՀՀ օդանավակայաններում ՌԴ զորամիավորումների  օդանավերի սպասարկման եւ մատուցվող ծառայությունների  ծախսերի  փոխհատուցում,2016
4,5,4,3,"Մարդասիրական բեռներ փոխադրող օտարերկրյա օդանավերի  աերոնավիգացիոն սպասարկման, թռիչք-վայրէջքի, օդանավերի կանգառի եւ վերգետնյա սպասարկումների ու մատուցված ծառայությունների փոխհատուցում",2016
4,5,4,4,"Գործադիր իշխանության, պետական կառավարման հանրապետական եւ տարածքային կառավարման մարմինների պահպանում (արտաբյուջետային միջոցների հաշվին)",2016
4,5,5,0,Խողովակաշարային եւ այլ տրանսպորտ,2016
4,5,5,1,Երեւանի մետրոպոլիտենի աշխատանքների կազմակերպման բնագավառում պետության կողմից համայնքի ղեկավարին պատվիրակված լիազորությունների իրականացման ֆինանսավորում,2016
4,5,5,2,Համայնքների բյուջեներին նպատակային հատկացումների՝ սուբվենցիաների տրամադրում,2016
4,5,5,3,Վերակառուցման եւ զարգացման եվրոպական բանկի աջակցությամբ իրականացվող Երեւանի մետրոպոլիտենի վերակառուցման երկրորդ ծրագիր (Երեւան համայնքի ղեկավարին պետության կողմից պատվիրակված լիազորություն),2016
4,5,5,4,Եվրոպական ներդրումային բանկի աջակցությամբ իրականացվող Երեւանի մետրոպոլիտենի վերակառուցման երկրորդ ծրագիր (Երեւան համայնքի ղեկավարին պետության կողմից պատվիրակված լիազորություն),2016
4,5,5,5,Եվրոպական միության հարեւանության ներդրումային ծրագրի աջակցությամբ իրականացվող Երեւանի մետրոպոլիտենի  վերակառուցման երկրորդ դրամաշնորհային ծրագիր (Երեւան համայնքի ղեկավարին պետության կողմից պատվիրակված լիազորություն),2016
4,6,0,0,Կապ,2016
4,6,1,0,Կապ,2016
4,6,1,1,Հեռահաղորդակցության  եւ կապի կանոնակարգման ծառայություններ,2016
4,7,0,0,Այլ բնագավառներ,2016
4,7,1,0,"Մեծածախ եւ մանրածախ առեւտուր, ապրանքների պահպանում եւ պահեստավորում",2016
4,7,2,0,Հյուրանոցներ եւ հասարակական սննդի օբյեկտներ,2016
4,7,3,0,Զբոսաշրջություն,2016
4,7,3,1,Զբոսաշրջության  աջակցության  ծառայություններ,2016
4,7,4,0,Զարգացման բազմանպատակ ծրագրեր,2016
4,8,0,0,Տնտեսական հարաբերությունների գծով հետազոտական եւ նախագծային աշխատանքներ,2016
4,8,1,0,"Ընդհանուր բնույթի տնտեսական, առեւտրային եւ աշխատանքի հարցերի գծով հետազոտական եւ նախագծային աշխատանքներ",2016
4,8,1,1,Տեխնիկական անվտանգության կանոնակարգման ծառայություններ,2016
4,8,2,0,"Գյուղատնտեսության, անտառային տնտեսության, ձկնորսության եւ որսորդության գծով հետազոտական եւ նախագծային աշխատանքներ",2016
4,8,3,0,Վառելիքի եւ էներգետիկայի գծով հետազոտական եւ նախագծային աշխատանքներ,2016
4,8,4,0,"Լեռնաարդյունահանման, արդյունաբերության եւ շինարարության  գծով հետազոտական եւ նախագծային աշխատանքներ",2016
4,8,4,1,"Պետական կարիքների համար ապրանքների, աշխատանքների (ծառայությունների) կողմնորոշիչ գների մեթոդաբանական, վերլուծական եւ տեղեկատվական ծառայություններ",2016
4,8,5,0,Տրանսպորտի գծով հետազոտական եւ նախագծային աշխատանքներ,2016
4,8,6,0,Կապի գծով հետազոտական եւ նախագծային աշխատանքներ,2016
4,8,7,0,Այլ բնագավառների գծով հետազոտական եւ նախագծային աշխատանքներ,2016
4,9,0,0,Տնտեսական հարաբերություններ (այլ դասերին չպատկանող),2016
4,9,1,0,Տնտեսական հարաբերություններ (այլ դասերին չպատկանող),2016
4,9,1,1,Ոչ ֆինանսական ակտիվների օտարումից մուտքեր,2016
4,9,1,2,Պետական ռեզերվների գործակալության համակարգի հիմնարկների պահպանում,2016
4,9,1,3,Նյութական ռեսուրսների ՀՀ պետական պահուստի ձեւավորում եւ պահպանում,2016
4,9,1,4,"Գործադիր իշխանության, պետական կառավարման հանրապետական եւ տարածքային կառավարման մարմինների պահպանում (նախարարությունների աշխատակազմերի  մասով)",2016
4,9,1,5,Մթնոլորտային երեւույթների վրա ակտիվ ներգործության ծառայություն,2016
4,9,1,6,Համաշխարհային բանկի աջակցությամբ իրականացվող Տարածքային զարգացման հիմնադրամի ծրագիր,2016
4,9,1,7,Եվրոպական միության աջակցությամբ իրականացվող Հայաստանի տարածքային զարգացման դրամաշնորհային ծրագիր,2016
4,9,1,8,Երեվան քաղաքի Կառավարական N2 մասնաշենքի հասցեում գտնվող շենքի բաղադրիչը համարվող տարածքները սեփականատերերից ձեռք բերում եվ Երեվան քաղաքի Կառավարական N2 շենքի սեփականատեր «Տանգո» ՓԲԸ օտարման գործարքների վճարահաշվարկային գործառնությունների իրականացում,2016
4,9,1,9,«Հանքարդյունաբերության ոլորտի թափանցիկության բարելավում» դրամաշնորհային ծրագիր,2016
4,9,1,10,"Պետական պահուստի նյութական արժեքների թարմացման, փոխարինման, փոխառման եվ ապաամրագրման գործառնությունների իրականացում",2016
4,9,1,20,"ՀՀ պետական կառավարման մարմինների կողմից դիմումներ, հայցադիմումներ, դատարանի վճիռների  եւ որոշումների դեմ վերաքննիչ եւ վճռաբեկ բողոքներ ներկայացնելիս` «Պետական տուրքի մասին» ՀՀ օրենքով սահմանված վճարումներ",2016
4,9,1,25,Պետ. մասնակցությամբ առեւտրային կազմակերպ.  կանոնադրական կապիտալում պետ. մասնակցության նվազեցման ճանապարհով ակտիվների կազմից գույք առանձնացնելիս գույքն ստացող պետ. կառավարչ.  հիմնարկի կողմից մատակարարին վճարման ենթակա ԱԱՀ-ի պարտավորութ. կատարման գծով ծախսեր,2016
4,9,1,26,Պետ. մասնակցությամբ առեւտրային կազմակերպ.  կանոնադրական կապիտալում պետ. մասնակցության նվազեցման ճանապարհով ակտիվների կազմից գույք առանձնացնելիս գույքն ստացող պետ. կառավարչ.  հիմնարկի կողմից մատակարարին վճարման ենթակա շահութահարկի գծով կամ շրջանառության հար,2016
4,9,1,44,ԱՄՆ Միջազգային Զարգացման Գործակալության աջակցությամբ իրականացվող Տեղական Ինքնակառավարման բարեփոխումների դրամաշանորհային ծրագիր,2016
4,9,1,45,ՀԲ-ի աջակցությամբ իրականացվող Սոցիալական ներդրումների եւ տեղական զարգացման դրամաշնորհային ծրագիր,2016
4,10,0,0, ,2016
5,0,0,0,ՇՐՋԱԿԱ  ՄԻՋԱՎԱՅՐԻ ՊԱՇՏՊԱՆՈՒԹՅՈՒՆ,2016
5,1,0,0,Աղբահանում,2016
5,1,1,0,Աղբահանում,2016
5,1,1,1,Ռադիոակտիվ թափոնների վնասազերծման ծառայություններ,2016
5,1,1,2,Վերակառուցման եւ զարգացման Եվրոպական բանկի աջակցությամբ իրականացվող «Երեւանի կոշտ թափոնների կառավարման ծրագիր» դրամաշնորհային ծրագիր (Երեւանի քաղաքապետին պետության կողմից պատվիրակված լիազորություն),2016
5,2,0,0,Կեղտաջրերի հեռացում,2016
5,2,1,0,Կեղտաջրերի հեռացում,2016
5,3,0,0,Շրջակա միջավայրի աղտոտման դեմ պայքար,2016
5,3,1,0,Օդի աղտոտման դեմ պայքար,2016
5,3,1,1,Թափոնների ուսումնասիրության ծառայություններ,2016
5,3,1,2,Ջրային օբյեկտների եւ օդային ավազանի աղտոտվածության վիճակի մոնիտորինգի ծառայություններ,2016
5,4,0,0,Կենսաբազմազանության եւ բնության պաշտպանություն,2016
5,4,1,0,Կենսաբազմազանության եւ բնության պաշտպանություն,2016
5,4,1,1,Սեւանա լճի ջրածածկ անտառտնկարկների  մաքրման ծառայություններ,2016
5,4,1,2,Սեւանա լճում եւ նրա ջրահավաք ավազանում ձկան եւ խեցգետնի պաշարների հաշվառման ծառայություններ,2016
5,4,1,3,"«Սեւան» ազգային պարկի պահպանության,  պարկում գիտական ուսումնասիրությունների, անտառտնտեսական աշխատանքների կատարման ծառայություններ",2016
5,4,1,4,"«Դիլիջան» ազգային պարկի պահպանության,  պարկում գիտական ուսումնասիրությունների, անտառտնտեսական աշխատանքների կատարման ծառայություններ",2016
5,4,1,5,"«Արգելոցապարկային համալիր» ՊՈԱԿ-ի տնօրինության ներքո գտվող ԲՀՊ տարածքների պահպանության, գիտական ուսումնասիրությունների, անտառտնտեսական աշխատանքների կատարման  ծառայություններ",2016
5,4,1,6,"«Խոսրովի անտառ» պետական արգելոցի  պահպանության,  գիտական  ուսումնասիրությունների կատարման ծառայություններ",2016
5,4,1,7,"Շրջակա միջավայրի վրա ազդեցության 
գնահատման  եւ փորձաքննության ծառայություններ",2016
5,4,1,8,Աբու-Դաբիի Զարգացման հիմնադրամի աջակցությամբ իրականացվող Արփա-Սեւան թունելի հիմնանորոգման ծրագիր,2016
5,4,1,9,«Արփի լիճ» ազգային պարկի պահպանության ծառայություններ,2016
5,4,1,10,"«Զիկատար» պետական արգելավայրի պահպանության, գիտական ուսումնասիրությունների կատարման ծառայություններ",2016
5,4,1,11,Կովկասյան տարածաշրջանային կենտրոնի հայաստանյան մասնաճյուղի գրասենյակի վարձակալության ծառայություններ,2016
5,4,1,12,"«Զանգեզուր» կենսոլորտային համալիր»  ՊՈԱԿ-ի տնօրինության ներքո գտնվող ԲՀՊ տարածքների պահպանության գիտական ուսումնասիրությունների, անտառտնտեսական աշխատանքների  կատարման ծառայություններ",2016
5,4,1,13,Արփա-Սեվան N2 թունելում առանձին վթարային հատվածների հիմնանորոգման համար նախագծանախահաշվային փաստաթղթերի կազմման աշխատանքներ,2016
5,5,0,0,Շրջակա միջավայրի պաշտպանության գծով հետազոտական եւ նախագծային աշխատանքներ,2016
5,5,1,0,Շրջակա միջավայրի պաշտպանության գծով հետազոտական եւ նախագծային աշխատանքներ,2016
5,6,0,0,Շրջակա միջավայրի պաշտպանություն  (այլ դասերին չպատկանող),2016
5,6,1,0,Շրջակա միջավայրի պաշտպանություն  (այլ դասերին չպատկանող),2016
5,6,1,1,"Գործադիր իշխանության, պետական կառավարման հանրապետական եւ տարածքային կառավարման մարմինների պահպանում (նախարարությունների աշխատակազմերի  մասով)",2016
5,6,1,2,«Ընկերությունների կողմից վճարվող բնապահպանական վճարների նպատակային օգտագործման մասին» ՀՀ օրենքի համաձայն բնապահպանական ծրագրերի իրականացման համար ՀՀ համայնքներին սուբվենցիաների տրամադրում,2016
5,6,1,3,Բնապահպանական ոլորտի գծով վերլուծական տեղեկատվական ծառայություններ,2016
5,6,1,4,Հայաստանի Հանրապետության տարածքի ստորերկրյա քաղցրահամ ջրերի հիդրոերկրաբանական մոնիտորինգի ծառայություններ,2016
5,6,1,5,Նախարարության «Ծրագրերի իրականացման գրասենյակ» պետական հիմնարկի պահպանում,2016
5,6,1,6,Գլոբալ էկոլոգիական հիմնադրամի աջակցությամբ իրականացվող «Հայաստանի Հանրապետությունում ազգային պորտֆելի ձեվավորման վարժություն» դրամաշնորհային ծրագիր,2016
5,6,1,7,ՄԱԿ-ի ՇՄ ծրագրի եվ Դանիայի տեխնիկական համալսարանի համագործակցության կենտրոնի աջակցությամբ իրականացվող « Տեխնոլոգիաների կարիքների գնահատում» դրամաշնորհային ծրագիր,2016
5,6,1,8,"Համաշխարհային բանկի աջակցությամբ իրականացվող օժանդակության ինստիտուցիոնալ կարողությունների զարգացմանը` հանքաարդյունաբերության ոլորտում բնապահպանական կառավարումը, ներառումը եվ թափանցիկությունն ապահովելու նպատակով ԻԶՀ դրամաշնորհային ծրագիր",2016
5,7,0,0, ,2016
6,0,0,0,ԲՆԱԿԱՐԱՆԱՅԻՆ ՇԻՆԱՐԱՐՈՒԹՅՈՒՆ ԵՎ ԿՈՄՈՒՆԱԼ ԾԱՌԱՅՈՒԹՅՈՒՆՆԵՐ,2016
6,1,0,0,Բնակարանային շինարարություն,2016
6,1,1,0,Բնակարանային շինարարություն,2016
6,1,1,1,Բնակարանային շինարարություն,2016
6,1,1,2,Երկրաշարժի հետեւանքով անօթեւան մնացած ընտանիքների  բնակարանային ապահովում,2016
6,1,1,3,Պետական ծառայողներին մատչելի բնակարաններով ապահովման ծրագիր,2016
6,1,1,40,Անավարտ շինարարության բնակշինարարական կոոպերատիվների փայատերերի ներդրված միջոցների դիմաց  պետական օգնություն,2016
6,2,0,0,Համայնքային զարգացում,2016
6,2,1,0,Համայնքային զարգացում,2016
6,3,0,0,Ջրամատակարարում,2016
6,3,1,0,Ջրամատակարարում,2016
6,3,1,1,"Գործադիր իշխանության, պետական կառավարման հանրապետական եւ տարածքային կառավարման մարմինների  պահպանում",2016
6,3,1,2,Խմելու ջրի մատակարարման ծառայությունների սուբսիդավորում («Հայջրմուղկոյուղի» ՓԲԸ-ի  սպասարկման տարածք),2016
6,3,1,3,Խմելու ջրի մատակարարման ծառայությունների սուբսիդավորում («Նոր Ակունք» ՓԲԸ-ի սպասարկման տարածք),2016
6,3,1,4,Ֆրանսիայի Հանրապետության կառավարության աջակցությամբ իրականացվող Երեւանի ջրամատակարարման եւ ջրահեռացման ծրագրին տրամադրվող տեխնիկական աջակցության ծրագիր (Երեւան համայնքի ղեկավարին պետության կողմից պատվիրակված լիազորություն),2016
6,3,1,5,Ասիական զարգացման բանկի աջակցությամբ իրականացվող ջրամատակարարման եւ ջրահեռացման ծրագիր` երկրորդ փուլ,2016
6,3,1,6,Եվրոպական միության հարեւանության ներդրումային ծրագրի աջակցությամբ իրականացվող Երեւանի ջրամատակարարման բարելավման դրամաշնորհային ծրագիր (Երեւան համայնքի ղեկավարին պետության կողմից պատվիրակված լիազորություն),2016
6,3,1,7,Վերակառուցման եւ զարգացման եվրոպական բանկի աջակցությամբ իրականացվող Երեւանի ջրամատակարարման բարելավման ծրագիր (Երեւան համայնքի ղեկավարին պետության կողմից պատվիրակված լիազորություն),2016
6,3,1,8,Եվրոպական ներդրումային բանկի աջակցությամբ իրականացվող Երեւանի ջրամատակարարման բարելավման ծրագիր (Երեւան համայնքի ղեկավարին պետության կողմից պատվիրակված լիազորություն),2016
6,3,1,9,"Գերմանիայի զարգացման վարկերի բանկի աջակցությամբ իրականացվող «Հայջրմուղկոյուղի», «Շիրակ-ջրմուղկոյուղի», «Լոռի-ջրմուղկոյուղի» եւ «Նոր Ակունք» ՓԲԸ-ների մասնավոր կառավարման շարունակականության ապահովման դրամաշնորհային ծրագիր",2016
6,3,1,10,Խմելու ջրի մատակարարման ծառայությունների սուբսիդավորում («Շիրակ-ջրմուղկոյուղի» ՓԲԸ-ի սպասարկման տարածք),2016
6,3,1,11,Գերմանիայի զարգացման վարկերի բանկի աջակցությամբ իրականացվող «Լոռի-ջրմուղկոյուղի» ՓԲԸ-ի ջրամատակարարման եւ ջրահեռացման ենթակառուցվածքների վերականգման ծրագրի երրորդ փուլ,2016
6,3,1,12,Գերմանիայի զարգացման վարկերի բանկի աջակցությամբ իրականացվող «Շիրակ-Ջրմուղկոյուղի» ՓԲԸ-ի ջրամատակարարման եւ ջրահեռացման ենթակառուցվածքների վերականգման ծրագրի երրորդ փուլ,2016
6,3,1,13,Գերմանիայի զարգացման վարկերի բանկի աջակցությամբ իրականացվող «Հայջրմուղկոյուղի» ՓԲԸ-ի ջրամատակարարման եւ ջրահեռացման ենթակառուցվածքների վերականգման ծրագրի երրորդ փուլ,2016
6,3,1,14,Գերմանիայի զարգացման վարկերի բանկի աջակցությամբ իրականացվող «Նոր Ակունք» ՓԲԸ-ի ջրամատակարարման եւ ջրահեռացման ենթակառուցվածքների վերականգման ծրագրի երրորդ փուլ,2016
6,3,1,15,Եվրոպական ներդրումային  բանկի աջակցությամբ իրականացվող «Հայջրմուղկոյուղի» ՓԲԸ-ի ջրամատակարարման եւ ջրահեռացման ենթակառուցվածքների վերականգման ծրագրի երրորդ փուլ,2016
6,3,1,16,Եվրոպական ներդրումային  բանկի աջակցությամբ իրականացվող «Շիրակ-Ջրմուղկոյուղի» ՓԲԸ-ի ջրամատակարարման եւ ջրահեռացման ենթակառուցվածքների վերականգման ծրագրի երրորդ փուլ,2016
6,3,1,17,Եվրոպական ներդրումային  բանկի աջակցությամբ իրականացվող «Լոռի-Ջրմուղկոյուղի» ՓԲԸ-ի ջրամատակարարման եւ ջրահեռացման ենթակառուցվածքների վերականգման ծրագրի երրորդ փուլ,2016
6,3,1,18,Եվրոպական ներդրումային  բանկի աջակցությամբ իրականացվող «Նոր Ակունք» ՓԲԸ-ի ջրամատակարարման եւ ջրահեռացման ենթակառուցվածքների վերականգման ծրագրի երրորդ փուլ,2016
6,3,1,19,Գերմանիայի զարգացման եւ Եվրոպական  միության հարեւանության ներդրումային  բանկի աջակցությամբ իրականացվող «Հայջրմուղկոյուղի» ՓԲԸ-ի ջրամատակարարման եւ ջրահեռացման ենթակառուցվածքների վերականգման դրամաշնորհային ծրագրի երրորդ փուլ,2016
6,3,1,20,Գերմանիայի զարգացման եւ Եվրոպական  միության հարեւանության ներդրումային  բանկի աջակցությամբ իրականացվող «Նոր Ակունք» ՓԲԸ-ի ջրամատակարարման եւ ջրահեռացման ենթակառուցվածքների վերականգման դրամաշնորհային ծրագրի երրորդ փուլ,2016
6,3,1,21,Խմելու ջրի մատակարարման ծառայությունների սուբսիդավորում («Լոռի-ջրմուղկոյուղի» ՓԲԸ-ի սպասարկման տարածք),2016
6,3,1,22,Վերակառուցման եւ զարգացման եվրոպական բանկի աջակցությամբ իրականացվող Երեւանի ջրամատակարարման բարելավման դրամաշնորհային ծրագիր (Երեւան համայնքի ղեկավարին պետության կողմից պատվիրակված լիազորություն),2016
6,3,1,23,Վերակառուցման եւ զարգացման եվրոպական բանկի աջակցությամբ իրականացվող Հայաստանի ջրային ոլորտի ներդրումային ծրագրի անցումային խորհրդատուի ընտրության  դրամաշնորհային ծրագիր,2016
6,3,1,24,Գերմանիայի զարգացման վարկերի բանկի աջակցությամբ իրականացվող Շիրակի (Գյումրիի) մարզի ջրամատակարարման եւ ջրահեռացման համակարգերի վերականգնման ծրագիր` երկրորդ փուլ,2016
6,3,1,25,Գերմանիայի զարգացման վարկերի բանկի աջակցությամբ իրականացվող Լոռու (Վանաձորի) մարզի ջրամատակարարման եւ ջրահեռացման համակարգերի վերականգնման ծրագիր` երկրորդ փուլ,2016
6,3,1,42,Գերմանիայի զարգացման վարկերի բանկի աջակցությամբ իրականացվող ՀՀ Շիրակի (Գյումրի) մարզի ջրամատակարարման եւ ջրահեռացման համակարգերի վերականգնման դրամաշնորհային ծրագիր,2016
6,3,1,43,Գերմանիայի զարգացման վարկերի բանկի աջակցությամբ իրականացվող ջրամատակարար ընկերությունների կողմից չսպասարկվող համայնքների ջրամատակարարման եւ ջրահեռացման համակարգերի բարելավմանն ու զարգացմանն ուղղված կիրառելիության ուսումնասիրության դրամաշնորհային ծրագիր,2016
6,4,0,0,Փողոցների լուսավորում,2016
6,4,1,0,Փողոցների լուսավորում,2016
6,4,1,1,Պետական աջակացություն Երեւան քաղաքի արտաքին լուսավորության ցանցի շահագործման եւ պահպանման  աշխատանքների իրականացման համար,2016
6,4,1,2,Վերակառուցման եւ զարգացման Եվրոպական բանկի աջակցությամբ իրականացվող «Քաղաքային լուսավորության ծրագիր» դրամաշնորհային ծրագիր (Երեւանի քաղաքապետին պետության կողմից պատվիրակված լիազորություն),2016
6,5,0,0,Բնակարանային շինարարության եւ կոմունալ ծառայությունների գծով հետազոտական եւ նախագծային աշխատանքներ,2016
6,5,1,0,Բնակարանային շինարարության եւ կոմունալ ծառայությունների գծով հետազոտական եւ նախագծային աշխատանքներ,2016
6,6,0,0,Բնակարանային շինարարության եւ կոմունալ ծառայություններ  (այլ դասերին չպատկանող),2016
6,6,1,0,Բնակարանային շինարարության եւ կոմունալ ծառայություններ  (այլ դասերին չպատկանող),2016
6,6,1,1,"Գործադիր իշխանության, պետական կառավարման հանրապետական եւ տարածքային կառավարման մարմինների պահպանում (նախարարությունների աշխատակազմերի  մասով)",2016
6,6,1,2,Նախարարության «Ծրագրերի իրականացման գրասենյակ» պետական հիմնարկի պահպանում,2016
6,6,1,3,Նախարարության «Ծրագրերի իրականացման գրասենյակ» պետական հիմնարկի պահպանում (արտաբյուջետային միջոցների հաշվին),2016
7,0,0,0,ԱՌՈՂՋԱՊԱՀՈՒԹՅՈՒՆ,2016
7,1,0,0,"Բժշկական ապրանքներ, սարքեր եւ սարքավորումներ",2016
7,1,1,0,Դեղագործական ապրանքներ,2016
7,1,1,1,"Դեղորայքի տրամադրում ամբուլատոր - պոլիկլինիկական, հիվանդանոցային բուժօգնություն ստացողներին եւ հատուկ խմբերում ընդգրկված ֆիզիկական անձանց",2016
7,1,1,2,Դեղորայքի տրամադրում պետական պահպանության ծառայությանը,2016
7,1,1,3,«Իմունականխարգելման  ազգային ծրագրի ծառայությունների աջակցություն»  դրամաշնորհային ծրագիր,2016
7,1,2,0,Այլ բժշկական ապրանքներ,2016
7,1,3,0,Բժշկական սարքեր եւ սարքավորումներ,2016
7,1,3,1,Հոսպիտալների եւ բուժկետերի բժշկական սարքավորումներով համալրում,2016
7,2,0,0,Արտահիվանդանոցային ծառայություննր,2016
7,2,1,0,Ընդհանուր բնույթի բժշկական ծառայություններ,2016
7,2,1,1,Բնակչության առողջության առաջնային պահպանման ծառայություններ,2016
7,2,2,0,Մասնագիտացված բժշկական ծառայություններ,2016
7,2,2,1,"Մտավոր,հոգեկան, լսողական, ֆիզիկական, շարժողական եվ այլ զարգացման խանգարումներով երեխաների գնահատման եւ վերականգնողական բուժման ծառայություններ",2016
7,2,2,2,Հեմոդիալիզի անցկացման ծառայություններ,2016
7,2,2,3,Մանկաբարձագինեկոլոգիական բժշկական օգնության ծառայություններ,2016
7,2,2,4,Սպորտային բժշկության եւ հակադոպինգային հսկողության ծառայություններ,2016
7,2,2,5,ՄԻԱՎ/ՁԻԱՀ-ի կանխարգելման  եւ բուժօգնության ծառայություններ,2016
7,2,2,6,Նեղ մասնագիտացված բժշկական օգնության ծառայություններ,2016
7,2,2,7,Շարունակական հսկողություն պահանջող եւ առանձին հիվանդությունների բուժման ծառայություններ,2016
7,2,2,8,Անցանկալի հղիությունների կանխարգելման նպատակով հակաբեղմնավորիչ ժամանակակից միջոցների մատչելիության ապահովում,2016
7,2,3,0,Ստոմատոլոգիական ծառայություններ,2016
7,2,3,1,Ստոմատոլոգիական բժշկական օգնության ծառայություններ,2016
7,2,3,2,Երեխաների ստոմատոլոգիական  առաջնային կանխարգելման ծառայություններ,2016
7,2,4,0,Պարաբժշկական ծառայություններ,2016
7,2,4,1,Շտապ բժշկական օգնության ծառայություններ,2016
7,2,4,2,Լաբորատոր-գործիքային ախտորոշիչ հետազոտություններ,2016
7,2,4,3,Զորակոչային եւ նախազորակոչային տարիքի անձանց փորձաքննության եւ բժշկական օգնության ծառայություններ,2016
7,3,0,0,Հիվանդանոցային ծառայություններ,2016
7,3,1,0,Ընդհանուր բնույթի հիվանդանոցային ծառայություններ,2016
7,3,1,1,Անհետաձգելի բժշկական օգնության ծառայություններ,2016
7,3,1,2,Սոցիալապես անապահով եւ հատուկ խմբերում ընդգրկվածներին բժշկական օգնության ծառայություններ,2016
7,3,1,3,"Զինծառայողներին, ինչպես նաեւ փրկարար ծառայողներին եւ նրանց ընտանիքի անդամներին բժշկական օգնության ծառայություններ",2016
7,3,1,4,Պետական հիմնարկների եւ կազմակերպությունների աշխատողների բժշկական օգնության եւ սպասարկման ծառայություններ,2016
7,3,2,0,Մասնագիտացված հիվանդանոցային ծառայություններ,2016
7,3,2,1,Տուբերկուլյոզի բժշկական օգնության ծառայություններ,2016
7,3,2,2,Աղիքային  եւ այլ ինֆեկցիոն հիվանդությունների բժշկական օգնության  ծառայություններ,2016
7,3,2,3,Սեռական ճանապարհով փոխանցվող հիվանդությունների բժշկական օգնության  ծառայություններ,2016
7,3,2,4,Հոգեկան  եւ նարկոլոգիական հիվանդների բժշկական օգնության  ծառայություններ,2016
7,3,2,5,Զորակոչային եւ նախազորակոչային տարիքի անձանց հիվանդանոցային բժշկական օգնություն եւ փորձաքննություն,2016
7,3,2,6,Ուռուցքաբանական եւ արյունաբանական հիվանդությունների բժշկական օգնության ծառայություններ,2016
7,3,2,7,Վերականգնողական բժշկական օգնության ծառայություններ,2016
7,3,2,8,Թրաֆիքինգի զոհերին բժշկական օգնության ծառայություններ,2016
7,3,2,9,Սրտի վիրահատության ծառայություններ,2016
7,3,3,0,Մոր եւ մանկան բժշկական  ծառայություններ,2016
7,3,3,1,Մանկաբարձական բժշկական օգնության ծառայություններ,2016
7,3,3,2,Գինեկոլոգիական հիվանդությունների բժշկական օգնության ծառայություններ,2016
7,3,3,3,Երեխաներին բժշկական օգնության ծառայություններ,2016
7,3,3,4,Անպտուղ զույգերի համար վերարտադրողական օժանդակ տեխնոլոգիաների կիրառմամբ բժշկական օգնության ծառայություններ,2016
7,3,4,0,Հիվանդի խնամքի եւ առողջության վերականգնման տնային ծառայություններ,2016
7,4,0,0,Հանրային առողջապահական ծառայություններ,2016
7,4,1,0,Հանրային առողջապահական ծառայություններ,2016
7,4,1,1,Հիգիենիկ եւ հակահամաճարակային փորձագիտական ծառայություններ,2016
7,4,1,2,Վարակիչ հիվանդությունների օջախների ախտահանման ծառայություններ,2016
7,4,1,3,Արյան  հավաքագրման  ծառայություններ,2016
7,4,1,4,Իմունականխարգելման  ազգային ծրագիր,2016
7,4,1,5,Բնակչության սանիտարահամաճարակային անվտանգության ապահովման եւ հանրային առողջապահության ծառայություններ,2016
7,5,0,0,Առողջապահության գծով հետազոտական եւ նախագծային աշխատանքներ,2016
7,5,1,0,Առողջապահության գծով հետազոտական եւ նախագծային աշխատանքներ,2016
7,6,0,0,Առողջապահություն (այլ դասերին չպատկանող),2016
7,6,1,0,Առողջապահական հարակից ծառայություններ եւ ծրագրեր,2016
7,6,1,1,Հանրապետությունից դուրս բուժման ուղեգրված հիվանդների ճանապարհածախսի փոխհատուցում,2016
7,6,1,2,Դժվարամատչելի ախտորոշիչ հետազոտություններ,2016
7,6,1,3,Դեղաքաղաքականությունից բխող փորձագիտական  եւ մեթոդաբանական ծառայություններ,2016
7,6,1,4,Առողջապահական օբյեկտների շինարարություն,2016
7,6,1,5,Դատաբժշկական եւ գենետիկ ծառայություններ,2016
7,6,1,6,Պաթանատոմիական ծառայություններ,2016
7,6,1,7,Հաշմանդամ եւ կարիքավոր երեխաներին օրթեզներով եւ կորսետներով ապահովման ծառայություններ,2016
7,6,1,8,Առողջ ապրելակերպի խթանման եվ հանրային իրազեկման ծառայություններ,2016
7,6,1,9,"Բժշկական օգնության մասնագիտական, խորհրդատվական եւ կազմակերպամեթոդական աջակցության ծառայություններ",2016
7,6,1,10,"Մարդասիրական օգնության կարգով ստացվող դեղերի եւ դեղագործական արտադրանքի ստացման, մաքսազերծման եւ բաշխման ծառայություններ",2016
7,6,1,11,Տուբերկուլյոզի դեմ պայքարի ազգային ծրագրի համակարգման ծառայություններ,2016
7,6,1,12,Բժիշկ-մասնագետների ժամանակավոր ուղեգրման միջոցով ՀՀ մարզային առողջապահական  կազմակերպություններում  բժշկական ծառայությունների մատուցում,2016
7,6,1,13,Համաշխարհային բանկի աջակցությամբ իրականացվող Առողջապահական համակարգի արդիականացման երկրորդ ծրագրի լրացուցիչ ֆինանսավորման ծրագիր,2016
7,6,1,14,Համաշխարհային բանկի աջակցությամբ իրականացվող Ոչ վարակիչ հիվանդությունների կանխարգելման եւ վերահսկման  ծրագիր,2016
7,6,1,15,ԱՄՆ հիվանդությունների կանխարգելման եւ վերահսկման կենտրոնի կողմից իրականացվող Սեզոնային գրիպի համաճարակաբանական ցանցի հիմնման եւ արձագանքման դրամաշնորհային ծրագիր,2016
7,6,1,16,Համաշխարհային բանկի աջակցությամբ իրականացվող Ոչ վարակիչ հիվանդությունների կանխարգելման եւ վերահսկման դրամաշնորհային ծրագիր,2016
7,6,1,17,Համաշխարհային բանկի աջակցությամբ իրականացվող «Հիվանդությունների կանխարգելման եվ վերահսկման ծրագրի շրջանակներում առողջապահության կատարողականի վրա հիմնված ֆինանսավորման ծրագրի նախապատրաստման համար» դրամաշնորհային ծրագիր,2016
7,6,1,18,Արտակարգ իրավիճակներում բուժօգնության ծառայություններ,2016
7,6,1,19,Արտասահմանյան առաջավոր կլինիկաների փորձի ուսումնասիրման նպատակով բժիշկների գործուղումներ,2016
7,6,1,20,«Երեխաների առողջ սնուցում» հանրային իրազեկման ծառայություններ,2016
7,6,1,21,Հոսպիտալների եւ բուժկետերի բժշկական սարքավորումների պահպանում եւ շահագործում,2016
7,6,1,22,Գլոբալ հիմնադրամի աջակցությամբ իրականացվող «Հայաստանի Հանրապետությունում տուբերկուլյոզի դեմ պայքարի ուժեղացում» դրամաշնորհային ծրագիր,2016
7,6,1,23,Գլոբալ հիմնադրամի աջակցությամբ իրականացվող «Հայաստանի Հանրապետությունում ՄԻԱՎ/ ՁԻԱՀ-ի դեմ պայքարի ազգային ծրագրին աջակցություն» դրամաշնորհային ծրագիր,2016
7,6,2,0,Առողջապահության (այլ դասերին չպատկանող),2016
7,6,2,1,"Գործադիր իշխանության, պետական կառավարման հանրապետական եւ տարածքային կառավարման մարմինների պահպանում (նախարարությունների աշխատակազմերի  մասով)",2016
7,6,2,2,"«Հայաստանում  տուբերկուլյոզի դեմ պայքարի, մոր եվ մանկան առողջության եվ ընտանիքի պլանավորման /վերարտադրողական առողջության բարելավում» դրամաշնորհային  ծրագիր",2016
7,7,0,0, ,2016
7,8,0,0, ,2016
7,9,0,0, ,2016
7,10,0,0, ,2016
7,11,0,0, ,2016
7,12,0,0, ,2016
7,14,0,0, ,2016
7,15,0,0, ,2016
8,0,0,0,"ՀԱՆԳԻՍՏ, ՄՇԱԿՈՒՅԹ ԵՎ ԿՐՈՆ",2016
8,1,0,0,Հանգստի եւ սպորտի ծառայություններ,2016
8,1,1,0,Հանգստի եւ սպորտի ծառայություններ,2016
8,1,1,1,ՀՀ առաջնություններին  եւ միջազգային միջոցառումներին մասնակցության ապահովման համար մարզիկների նախապատրաստում եւ առաջնությունների անցկացում,2016
8,1,1,2,Շախմատիստների պատրաստման  ծառայություններ,2016
8,1,1,3,Միջազգային մարզական միջոցառումների հաղթողներին եւ մրցանակակիրներին դրամական մրցանակների հանձնում,2016
8,1,1,4,Նախազորակոչային եւ զորակոչային տարիքի երիտասարդության հանրապետական ռազմամարզական խաղերի անցկացում,2016
8,1,1,5,Ուսանողական մարզական միջոցառումներ,2016
8,1,1,6,ՀՀ մարզերում եւ ԼՂՀ- ում հանրապետական  մարզական փառատոնի անցկացում,2016
8,1,1,7,«Լավագույն մարզական ընտանիք» մրցույթի  անցկացում,2016
8,1,1,8,Մանկապատանեկան սպորտի մասսայականացման միջոցառումների իրականացում,2016
8,1,1,9,Հաշմանդամային սպորտին առնչվող ծառայություններ,2016
8,1,1,10,Նավամոդելային սպորտի զարգացում,2016
8,1,1,11,ՀՀ հավաքական թիմերի գլխավոր եւ ավագ մարզիչների վարձատրություն  եւ աշխարհի չեմպիոններին  պատվովճարի հատկացում,2016
8,1,1,12,Եվրախորհրդի սպորտի մասին համաձայնագրին անդամակցում,2016
8,1,1,13,Հակադոպինգային համաշխարհային գործակալությանը անդամակցում,2016
8,1,1,14,"Օլիմպիական խաղերում, աշխարհի  եւ Եվրոպայի առաջնություններում բարձր արդյունքների հասած ՀՀ հավաքական թիմերի մարզիկներին եւ նրանց մարզիչներին ՀՀ Նախագահի անվանական թոշակի հատկացում",2016
8,1,1,15,ՀՀ հավաքական թիմերին մարզահագուստով եւ մարզահանդերձանքով ապահովում,2016
8,1,1,16,Երեւանում կայանալիք միջազգային մարաթոնյան վազքի անցկացման ապահովում,2016
8,1,1,17,2016 թվականի Լիլլեհամերի երկրորդ ձմեռային պատանեկան օլիմպիական խաղերին Հայաստանի մարզական պատվիրակության մասնակցության ապահովում,2016
8,1,1,18,2016 թվականի Ռիո դե Ժանեյրոյի 31-րդ Օլիմպիական խաղերին Հայաստանի մարզական պատվիրակության նախապատրաստման եւ մասնակցության ապահովում,2016
8,1,1,19,2016 թվականի Ռիո դե Ժանեյրոյի պարալիմպիկ խաղերին Հայաստանի մարզական պատվիրակության մասնակցության  ապահովում,2016
8,1,1,20,«Հաշմանդամություն ունեցող լավագույն մարզիկ» մրցույթի անցակցում,2016
8,1,1,21,«Լավագույն մարզական նախադպրոցական հիմնարկ» մրցույթի անցկացում,2016
8,1,1,22,2016 թվականին Թեհրանում կայանալիք խուլերի ըմբշամարտի աշխարհի առաջնությանը Հայաստանի մարզական պատվիրակության մասնակցության ապահովում,2016
8,1,1,23,2016 թվականին Երեւանում խուլերի  շախմատի աշխարհի առաջնության անցկացման ապահովում,2016
8,2,0,0,Մշակութային ծառայություններ,2016
8,2,1,0,Գրադարաններ,2016
8,2,1,1,Գրադարանային ծառայություններ,2016
8,2,1,2,"Հրատարակությունների գրանցման, հաշվառման եւ մատենագիտական ծառայություններ",2016
8,2,2,0,Թանգարաններ եւ ցուցասրահներ,2016
8,2,2,1,Մշակութային օբյեկտների հիմնանորոգում,2016
8,2,2,2,Թանգարանային ծառայություններ եւ ցուցահանդեսներ,2016
8,2,2,3,Մշակութային օբյեկտների շինարարություն,2016
8,2,2,4,Հայաստանի Հանրապետության համայնքային բյուջեներին  սուբվենցիաների տրամադրում,2016
8,2,3,0,"Մշակույթի տներ, ակումբներ, կենտրոններ",2016
8,2,3,1,Մշակութային օբյեկտների հիմնանորոգում,2016
8,2,3,2,Համայնքային մշակույթի եւ ազատ ժամանցի կազմակերպում,2016
8,2,3,3,Մշակութային օբյեկտների շինարարություն,2016
8,2,4,0,Այլ մշակութային կազմակերպություններ,2016
8,2,4,1,Արխիվային ծառայություններ,2016
8,2,4,2,Մշակութային արժեքների փորձաքննության ծառայություններ,2016
8,2,4,3,Հայաստանի Հանրապետության համայնքային բյուջեներին  սուբվենցիաների տրամադրում,2016
8,2,4,4,Հայրենիք - սփյուռք գործակցության ծրագրերի իրականացում,2016
8,2,5,0,Արվեստ,2016
8,2,5,1,Մշակութային օբյեկտների հիմնանորոգում,2016
8,2,5,2,Օպերային եւ բալետային արվեստի ներկայացումներ,2016
8,2,5,3,Ազգային ակադեմիական թատերարվեստի ներկայացումներ,2016
8,2,5,4,Մշակութային միջոցառումների իրականացում,2016
8,2,5,5,Մշակութային օբյեկտների շինարարություն,2016
8,2,5,6,Աջակցություն օտարերկրյա պետություններում հայալեզու թատերական ներկայացումներին,2016
8,2,5,7,«Ժողովրդական» պատվավոր կոչման արժանացած անձանց ամենամսյա պատվովճար,2016
8,2,5,8,Հայաստանի Հանրապետության համայնքային բյուջեներին  սուբվենցիաների տրամադրում,2016
8,2,5,9,Թատերական ներկայացումներ,2016
8,2,5,10,Երաժշտարվեստի եւ պարարվեստի համերգներ,2016
8,2,5,11,Աջակցություն  հայ մշակույթի  միջազգային կենտրոններին,2016
8,2,5,12,«Ժողովրդական» պատվավոր կոչման արժանացած անձանց ամենամսյա պատվովճարի վճարման ծառայություններ,2016
8,2,5,13,Տարածքային համագործակցության եւ համահայկական մշակութային ծրագրերի իրականացում,2016
8,2,5,14,Ազգային ակադեմիական խմբերգային համերգներ,2016
8,2,5,15,"Ավստրիական «Վագներ-Բիրո Աուստրիա Ստեյջ Սիստեմս ԷյՋի», «Էլեկտրոնիկ Թիետր Կոնտրոլս Ջիէմբի Էյջ» եւ «Արթստեք» ընկերությունների կողմից «Հայաստանի պետական ֆիլհարմոնիկ նվագախումբ» եվ Գ.Սունդուկյանի անվան ազգային ակադեմիական թատրոն ՊՈԱԿ-ների վերազինման ծրագիր",2016
8,2,5,40,«Հայկական տպագրության 500-ամյակ» եւ «Երեւանը` 2012 թվականին  գրքի  համաշխարհային  մայրաքաղաք»  միջոցառումների իրականացում,2016
8,2,6,0,Կինեմատոգրաֆիա,2016
8,2,6,1,Կինոնկարների արտադրություն,2016
8,2,6,2,Ազգային կինոծրագրերի իրականացում,2016
8,2,6,3,Կինո-ֆոտո-ֆոնո հավաքածուի պահպանման ծառայություններ,2016
8,2,6,4,Փաստավավերագրական կինոծրագրերի իրականացում,2016
8,2,7,0,Հուշարձանների եւ մշակութային արժեքների վերականգնում եւ պահպանում,2016
8,2,7,1,Աջակցություն Թբիլիսիում գտնվող հայ գրողների պանթեոնի պահպանմանը,2016
8,2,7,2,Պատմամշակութային ժառանգության գիտահետազոտական աշխատանքներ,2016
8,2,7,3,Հուշարձանների տեխնիկական վիճակի մոնիտորինգ,2016
8,2,7,4,Աջակցություն հայկական պատմամշակութային հուշարձանների վավերագրմանը,2016
8,2,7,5,"Հուշարձանների ամրակայում, նորոգում եւ վերականգնում",2016
8,3,0,0,Ռադիո եւ հեռուստահաղորդումների հեռարձակման եւ հրատարակչական ծառայություններ,2016
8,3,1,0,Հեռուստառադիոհաղորդումներ,2016
8,3,1,1,"Գործադիր իշխանության, պետական կառավարման հանրապետական եւ տարածքային կառավարման մարմինների  պահպանում",2016
8,3,1,2,Հեռուստատեսային ծառայություններ,2016
8,3,1,3,Ռադիո ծառայություններ,2016
8,3,1,4,Ռադիո եւ հեռուստատեսային ծառայություններ,2016
8,3,1,5,ԱՊՀ  երկրներում  հեռուստառադիոծրագրերի հեռարձակում,2016
8,3,1,6,Հասարակական կարծիքի ուսումնասիրման  ծառայություններ,2016
8,3,1,7,Տնտեսական վերլուծությունների ծառայություններ,2016
8,3,1,8,Գնումների գործընթացի հրապարակայնության ապահովում,2016
8,3,1,9,"Հայաստան-սփյուռք գործակցության թեմայով   հեռուստահաղորդումների  եւ տեսահոլովակների պատրաստում եւ հեռարձակում, ձեռքբերում եւ բազմացում",2016
8,3,1,10,Հոգեւոր-մշակութային հեռուստատեսային ծառայություններ,2016
8,3,1,11,«Հայաստանի հանրային հեռուստաընկերություն» ՓԲԸ-ի շենք - շինությունների հիմնանորոգում,2016
8,3,1,12,«Հայաստանի հանրային ռադիոընկերություն» ՓԲԸ-ի շենքի հիմնանորոգում,2016
8,3,1,13,«Հայաստանի հանրային հեռուստաընկերություն» ՓԲԸ-ի տեխնիկական վերազինում,2016
8,3,2,0,"Հրատարակչություններ, խմբագրություններ",2016
8,3,2,1,Պետական  մամուլի հրատարակում,2016
8,3,2,2,Գրականության հրատարակում,2016
8,3,2,3,Գիտական  ամսագրերի եւ մենագրությունների հրատարակում,2016
8,3,2,4,Տնտեսագիտական հրապարակումներ,2016
8,3,2,5,Ոչ պետական  մամուլի հրատարակում,2016
8,3,2,6,"Մանկական,մանկապատանեկան թերթերի եւ ամսագրերի հրատարակում",2016
8,3,2,7,"Հրատարակչական, տեղեկատվական եւ տպագրական ծառայություններ",2016
8,3,2,8,Աջակցություն Վրաստանի հայալեզու լրատվամիջոցներին,2016
8,3,2,9,Թարգմանչական ծառայություններ,2016
8,3,2,10,Մասնավորեցվող պետական գույքի վերաբերյալ տեղեկությունների հրապարակում,2016
8,3,2,11,Աջակցություն գրականության հրատարակմանը,2016
8,3,2,12,Տեղեկատվական եւ ուսուցողական կայքերի մշակման եւ սպասարկման ծառայություններ,2016
8,3,2,13,Ուսումնական եւ հանրամատչելի գրականության առաքում սփյուռքի համայնքներին,2016
8,3,2,14,«Հայկական սփյուռք» տարեգրքի հրատարակում,2016
8,3,2,15,Գրական ժառանգության պահպանում եւ տարածում,2016
8,3,3,0,Տեղեկատվության ձեռքբերում,2016
8,3,3,1,"Տեղեկատվության ձեռքբերման, պահպանման եւ արխիվացման ծառայություններ",2016
8,3,3,2,Հանրային իրազեկման ապահովում,2016
8,4,0,0,Կրոնական եւ հասարակական  այլ ծառայություններ,2016
8,4,1,0,Երիտասարդական ծրագրեր,2016
8,4,1,1,Երիտասարդական ծրագրեր,2016
8,4,1,2,Երիտասարդական ծրագրերի շրջանակներում թրաֆիքինգի դեմ պայքարի միջոցառումներ,2016
8,4,1,3,«Արի տուն» ծրագրի շրջանակներում սփյուռքի երիտասարդության  ճանաչողական այցելություններ Հայաստան,2016
8,4,1,4,Աջակցություն Հայաստանում ինտելեկտուալ խաղերի զարգացմանը,2016
8,4,1,5,«Երիտասարդ ընտանիքին` մատչելի բնակարան» պետական նպատակային ծրագրի համաֆինանսավորում,2016
8,4,2,0,"Քաղաքական կուսակցություններ, հասարակական կազմակերպություններ, արհմիություններ",2016
8,4,2,1,"Աջակցություն քաղաքական կուսակցություններին,  հասարակական  կազմակերպություններին, արհմիություններին",2016
8,4,3,0,Կրոնական եւ հասարակական այլ ծառայություններ,2016
8,5,0,0,"Հանգստի, մշակույթի եւ կրոնի գծով հետազոտական եւ նախագծային աշխատանքներ",2016
8,5,1,0,"Հանգստի, մշակույթի եւ կրոնի գծով հետազոտական եւ նախագծային աշխատանքներ",2016
8,6,0,0,"Հանգիստ, մշակույթ եւ կրոն (այլ դասերին չպատկանող)",2016
8,6,1,0,"Հանգիստ, մշակույթ եւ կրոն (այլ դասերին չպատկանող)",2016
8,6,1,1,"Գործադիր իշխանության, պետական կառավարման հանրապետական եւ տարածքային կառավարման մարմինների պահպանում (նախարարությունների աշխատակազմերի  մասով)",2016
8,6,1,2,Նախարարության «Ծրագրերի իրականացման գրասենյակ» պետական հիմնարկի պահպանում,2016
9,0,0,0,ԿՐԹՈՒԹՅՈՒՆ,2016
9,1,0,0,Նախադպրոցական եւ տարրական ընդհանուր կրթություն,2016
9,1,1,0,Նախադպրոցական կրթություն,2016
9,1,1,1,Նախադպրոցական կրթություն,2016
9,1,1,2,Նախադպրոցական կրթության գծով պետության կողմից համայնքի ղեկավարին պատվիրակված լիազորությունների իրականացման ֆինանսավորում,2016
9,1,2,0,Տարրական ընդհանուր կրթություն,2016
9,1,2,1,Հանրակրթական ուսուցում,2016
9,1,2,2,Երաժշտական դպրոցներում ուսուցում,2016
9,1,2,3,Հատուկ կրթություն,2016
9,1,2,4,Ներառական կրթություն,2016
9,1,2,5,Հանրակրթական ուսուցման գծով պետության կողմից համայնքի ղեկավարին պատվիրակված լիազորությունների իրականացման ֆինանսավորում,2016
9,1,2,6,Հատուկ կրթության գծով պետության կողմից համայնքի ղեկավարին պատվիրակված լիազորությունների իրականացման ֆինանսավորում,2016
9,1,2,7,Ներառական կրթության գծով պետության կողմից համայնքի ղեկավարին պատվիրակված լիազորությունների իրականացման ֆինանսավորում,2016
9,1,2,8,Մասնագիտացված հանրակրթական ուսուցում,2016
9,2,0,0,Միջնակարգ ընդհանուր կրթություն,2016
9,2,1,0,Հիմնական ընդհանուր կրթություն,2016
9,2,1,1,Երեկոյան  ուսուցում,2016
9,2,1,2,Հանրակրթական ուսուցում,2016
9,2,1,3,Երաժշտական դպրոցներում ուսուցում,2016
9,2,1,4,Հատուկ կրթություն,2016
9,2,1,5,Ներառական կրթություն,2016
9,2,1,6,Հանրակրթական ուսուցման գծով պետության կողմից համայնքի ղեկավարին պատվիրակված լիազորությունների իրականացման ֆինանսավորում,2016
9,2,1,7,Հատուկ կրթության գծով պետության կողմից համայնքի ղեկավարին պատվիրակված լիազորությունների իրականացման ֆինանսավորում,2016
9,2,1,8,Ներառական կրթության գծով պետության կողմից համայնքի ղեկավարին պատվիրակված լիազորությունների իրականացման ֆինանսավորում,2016
9,2,1,9,Երեկոյան ուսուցման գծով պետության կողմից համայնքի ղեկավարին պատվիրակված լիազորությունների իրականացման ֆինանսավորում,2016
9,2,1,10,Մասնագիտացված հանրակրթական ուսուցում,2016
9,2,1,11,Մասնագիտացված հանրակրթական ուսումնական հաստատությունների երեխաների կրթաթոշակ,2016
9,2,2,0,Միջնակարգ (լրիվ)  ընդհանուր կրթություն,2016
9,2,2,1,Երեկոյան  ուսուցում,2016
9,2,2,2,Հանրակրթական ուսուցում,2016
9,2,2,3,Երաժշտական դպրոցներում ուսուցում,2016
9,2,2,4,Հատուկ կրթություն,2016
9,2,2,5,Ներառական կրթություն,2016
9,2,2,6,Երաժշտական դպրոցներում կրթաթոշակ,2016
9,2,2,7,Հանրակրթական ուսուցման գծով պետության կողմից համայնքի ղեկավարին պատվիրակված լիազորությունների իրականացման ֆինանսավորում,2016
9,2,2,8,Հատուկ կրթության գծով պետության կողմից համայնքի ղեկավարին պատվիրակված լիազորությունների իրականացման ֆինանսավորում,2016
9,2,2,9,Ներառական կրթության գծով պետության կողմից համայնքի ղեկավարին պատվիրակված լիազորությունների իրականացման ֆինանսավորում,2016
9,2,2,10,Երեկոյան ուսուցման գծով պետության կողմից համայնքի ղեկավարին պատվիրակված լիազորությունների իրականացման ֆինանսավորում,2016
9,2,2,11,Մասնագիտացված հանրակրթական ուսուցում,2016
9,2,2,12,Մասնագիտացված հանրակրթական ուսումնական հաստատությունների երեխաների կրթաթոշակ,2016
9,3,0,0,Նախնական մասնագիտական (արհեստագործական) եւ միջին մասնագիտական կրթություն,2016
9,3,1,0,Նախնական մասնագիտական (արհեստագործական) կրթություն,2016
9,3,1,1,Նախնական մասնագիտական (արհեստագործական) կրթություն,2016
9,3,1,2,Նախնական մասնագիտական  (արհեստագործական) կրթություն ստացող ուսանողների կրթաթոշակ,2016
9,3,2,0,Միջին մասնագիտական կրթություն,2016
9,3,2,1,Միջին մասնագիտական կրթության գծով ուսանողական նպաստների տրամադրում,2016
9,3,2,2,Միջին մասնագիտական կրթություն ստացող ուսանողների կրթաթոշակ,2016
9,4,0,0,Բարձրագույն կրթություն,2016
9,4,1,0,Բարձրագույն մասնագիտական կրթություն,2016
9,4,1,1,Բարձրագույն մասնագիտական կրթություն,2016
9,4,1,2,Բարձրագույն մասնագիտական կրթության գծով ուսանողական նպաստների տրամադրում,2016
9,4,1,3,Բարձրագույն մասնագիտական կրթություն ստացող ուսանողների կրթաթոշակ,2016
9,4,2,0,Հետբուհական մասնագիտական կրթություն,2016
9,4,2,1,Գիտական կադրերի պատրաստման գծով նպաստների տրամադրում,2016
9,4,2,2,Ասպիրանտական եւ դոկտորանտական կրթաթոշակներ,2016
9,4,2,3,Հետբուհական մասնագիտական կրթության գծով նպաստների տրամադրում,2016
9,4,2,4,Հետբուհական մասնագիտական կրթություն ստացող ուսանողների կրթաթոշակ,2016
9,5,0,0,Ըստ մակարդակների չդասակարգվող կրթություն,2016
9,5,1,0,Արտադպրոցական դաստիարակություն,2016
9,5,1,1,Աջակցություն արտադպրոցական դաստիարակությանը,2016
9,5,1,2,Արտադպրոցական դաստիարակություն,2016
9,5,1,3,Շախմատի մրցույթների պատրաստման ծառայություններ,2016
9,5,1,4,Արտադպրոցական դաստիարակություն հասարակական կազմակերպությունների կողմից,2016
9,5,1,5,"Երաժշտական եւ արվեստի դպրոցներում ազգային, փողային եւ լարային նվագարանների գծով ուսուցում",2016
9,5,1,6,Հայաստանի Հանրապետության համայնքային բյուջեներին  սուբվենցիաների տրամադրում,2016
9,5,1,7,Երաժշտական եւ արվեստի դպրոցներում  ուսումնամեթոդական աշխատանքներ,2016
9,5,1,8,"Երաժշտական, արվեստի եւ գեղարվեստի դպրոցների համար ուսումնական նոր ծրագրերի, դասագրքերի, մեթոդական ձեռնարկների մշակում եւ հրատարակում",2016
9,5,1,9,Վինդսերֆինգ մարզաձեւին առնչվող ծառայություններ,2016
9,5,1,10,"Հայաստանի Հանրապետության մանկապատանեկան մարզադպրոցներին, մարզաձեւերի ազգային ֆեդերացիաներին եւ այլ մարզական հասարակական կազմակերպություններին գույքով ապահովում",2016
9,5,1,11,Մանկապատանեկան մարզադպրոցներում աշխատող մարզիչ-մանկավարժների վերապատրաստման կազմակերպում,2016
9,5,1,12,«Հակոբ Կոջոյան» կրթահամալիր» ՊՈԱԿ-ում արտադպրոցական դաստիարակության կազմակերպման նպատակով պետության կողմից համայնքի ղեկավարին պատվիրակված լիազորությունների իրականացման ֆինանսավորում,2016
9,5,1,13,Աջակցություն իրավախախտում կատարած անչափահասների գեղագիտական դաստիարակության ծրագրերի իրականացմանը,2016
9,5,1,14,Դպրոցահասակ երեխաների մասնակցություն դպրոցական խաղերին,2016
9,5,1,15,Երաժշտական եւ արվեստի դպրոցների համար երաժշտական գործիքների ձեռքբերում,2016
9,5,1,16,Աջակցություն շնորհալի պատանի երաժիշտ-կատարողների մասնագիտական կարողությունների զարգացմանը եւ կատարելագործմանը,2016
9,5,1,17,Ռազմահայրենասիրական դաստիարակության ռազմավարության իրականացում,2016
9,5,1,18,Ներդրումներ «Իրավախախտում կատարած անձանց վերականգնողական կենտրոն» ՊՈԱԿ-ում,2016
9,5,2,0,Լրացուցիչ կրթություն,2016
9,5,2,1,ՀՀ քաղաքացիական ծառայողների վերապատրաստման գծով պետական պատվեր,2016
9,5,2,2,Հանրային հատվածի ֆինանսական ոլորտի մասնագետների վերապատրաստման ծառայություններ,2016
9,5,2,3,Լրացուցիչ կրթության ուսուցման գծով պետական պատվեր,2016
9,5,2,4,ՀՀ արդարադատության նախարարության հատուկ ծառայողների վերապատրաստում եւ հատուկ ուսուցում,2016
9,5,2,5,Ընտրական հանձնաժողովների անդամների մասնագիտական դասընթացների կազմակերպում,2016
9,5,2,6,Կադրերի պատրաստման եւ վերապատրաստման ծառայություններ,2016
9,5,2,7,Օտարերկրյա պետությունների ուսումնական հաստատություններ գործուղված փրկարարական ծառայողների ուսուցում,2016
9,5,2,8,ՀՀ Ազգային Ժողովի աշխատակազմի պետական ծառայողների վերապատրաստում,2016
9,5,2,9,Վերապատրաստման ծառայություններ,2016
9,5,2,10,Մասնագիտական վերապատրաստում ստացող ունկնդիրների կրթաթոշակ,2016
9,5,2,11,Հարկային եւ մաքսային ծառայողների վերապատրաստման ծառայություններ,2016
9,6,0,0,Կրթությանը տրամադրվող օժանդակ ծառայություններ,2016
9,6,1,0,Կրթությանը տրամադրվող օժանդակ ծառայություններ,2016
9,6,1,1,Սփյուռքի հայկական դպրոցների ուսուցիչների վերապատրաստում,2016
9,6,1,2,Կրթական օբյեկտների հիմնանորոգում,2016
9,6,1,3,Միջին մասնագիտական ուսումնական հաստատությունների հիմնանորոգում,2016
9,6,1,4,Ուսանողներին զեղչային գներով հանրակացարանային պայմանների տրամադրում,2016
9,6,1,5,Կրթական օբյեկտների շինարարություն,2016
9,6,1,6,Մարզական օբյեկտների շինարարություն,2016
9,6,1,7,Ավագ դպրոցների շենքերի հիմնանորոգում,2016
9,6,1,8,Դպրոցականների ամառային հանգստի կազմակերպում,2016
9,6,1,9,"Ավարտական փաստաթղթերի, գովասանագրերի, դասամատյանների, մեդալների, ծրարների, ուսումնական ծրագրերի, մանկավարժական պարբերականների եւ ուսումնադիտողական պարագաների ձեռքբերում",2016
9,6,1,10,Տարրական դասարանների աշակերտներին անվճար դասագրքերով եւ ուսումնական գրականությամբ ապահովում ու ավագ դպրոցների դասագրքերի հրատարակում,2016
9,6,1,11,"Փոխհատուցում ՀՀ հեռավոր, սահմանամերձ, լեռնային եւ բարձր լեռնային բնակավայրերի պետական հանրակրթական դպրոցների մանկավարժներին",2016
9,6,1,12,Հանրակրթական դպրոցների մանկավարժներին եւ դպրոցահասակ երեխաներին տրանսպորտային ծառայությունների  մատուցում,2016
9,6,1,13,Ռազմագիտության կաբինետների վերականգնում,2016
9,6,1,14,Դպրոցականների հանրապետական սպարտակիադայի անցկացում,2016
9,6,1,15,Դպրոցականների օլիմպիադաների անցկացում,2016
9,6,1,16,Համակարգչային եւ ինտերնետային կապի ծառայություններ,2016
9,6,1,17,Գնահատման եւ թեստավորման ծառայություններ,2016
9,6,1,18,Փորձարարական մանկավարժական ծրագրերի իրականացում հանրակրթությունում,2016
9,6,1,19,Սփյուռքի  հայկական կրթական հաստատություններին ուսումնական գրականության եւ օժանդակ նյութերի մշակում եւ տրամադրում,2016
9,6,1,20,Ակադեմիական փոխճանաչման եւ շարժունության  ծառայություններ,2016
9,6,1,21,Բարձրագույն մասնագիտական կրթության գնահատման համակարգի բարեփոխումներ,2016
9,6,1,22,Մարզական օբյեկտների հիմնանորոգում,2016
9,6,1,23,Կրթության բովանդակային եւ մեթոդական սպասարկում  ու  հանրապետության հանրակրթական դպրոցների ուսուցիչների վերապատրաստում,2016
9,6,1,24,"Երեխաների ֆիզիկական, մտավոր եւ (կամ) հոգեկան զարգացման առանձնահատկությունների բացահայտում եւ գնահատում",2016
9,6,1,25,Նախնական մասնագիտական (արհեստագործական) եւ միջին մասնագիտական կրթության եւ ուսուցման (ՄԿՈՒ) բարեփոխումներ,2016
9,6,1,26,Մասնագիտական կրթության որակի ապահովման ծառայություններ,2016
9,6,1,27,Սոցիալապես անապահով ընտանիքների երեխաների դասագրքերի վարձավճարների փոխհատուցում,2016
9,6,1,28,Համաշխարհային բանկի աջակցությամբ իրականացվող Կրթության որակի եւ համապատասխանության երկրորդ  ծրագիր,2016
9,6,1,29,Համահայկական կրթական խորհրդաժողովի անցկացում,2016
9,6,1,30,Ուսուցիչների ատեստավորման գծով ծախսեր,2016
9,6,1,31,«Հայ ասպետ» հեռուստամրցաշարի անցկացում,2016
9,6,1,32,Աջակցություն արտասահմանում սովորող ուսանողներին,2016
9,6,1,33,Ատեստավորման միջոցով որակավորում ստացած ուսուցիչներին հավելավճարների տրամադրում,2016
9,6,1,34,Դպրոցահասակ երեխաներին սննդով ապահովում,2016
9,6,1,35,Կրթական նոր տեխնոլոգիաների ներդրման ծրագրի իրականացում,2016
9,6,1,36,Բուխարեստի համալսարանում հայոց լեզվի դասավանդման կազմակերպում,2016
9,6,1,37,Սփյուռքագիտության  ոլորտում գիտական կադրերի պատրաստման գծով նպաստների տրամադրում (Զալցբուրգ),2016
9,6,1,38,Հանրակրթական եւ բարձրագույն ուսումնական հաստատությունների վարկանիշավորում,2016
9,6,1,39,"Աուտիզմ եւ զարգացման այլ խանգարումներ ունեցող երեխաների բուժման, վերականգնման, կրթության եւ զբաղվածության ապահովում",2016
9,6,1,40,«Ուանողներին ուսումնական վարկերի տրամադրում» պետական նպատակային ծրագրի համաֆինանսավորում,2016
9,6,1,41,Սոցիալապես անապահով աշակերտներին անվճար դասագրքերով ապահովման գծով պետության կողմից համայնքի ղեկավարին պատվիրակված լիազորությունների իրականացման ֆինանսավորում,2016
9,6,1,42,Համաշխարհային բանկի աջակցությամբ  իրականացվող Կրթության բարելավման ծրագիր,2016
9,6,1,43,Աջակցություն «Դպրոց-կենտրոնների միություն» իրավաբանական անձանց միության գործունեությանը,2016
9,6,1,44,«Ազգային երգ ու պար» առարկայի ներդրում հանրակրթական  ուսումնական հաստատություններում,2016
9,6,1,45,Դպրոցներում ռոբոտատեխնիկայի զարգացման իրականացում,2016
9,6,1,46,Պրահայի Կարլովի համալսարանում հայոց լեզվի դասավանդման կազմակերպում,2016
9,6,1,47,Կրթության գերազանցության ազգային ծրագրի իրականացում,2016
9,6,1,48,Ասիական զարգացման բանկի աջակցությամբ իրականացվող Դպրոցների սեյսմիկ պաշտպանության ծրագիր,2016
9,6,1,49,Վենետիկի Կա'Ֆոսկարի համալսարանում հայոց լեզվի դասավանդման կազմակերպում,2016
9,7,0,0,Կրթության ոլորտում հետազոտական եւ նախագծային աշխատանքներ,2016
9,7,1,0,Կրթության ոլորտում հետազոտական եւ նախագծային աշխատանքներ,2016
9,8,0,0,Կրթություն (այլ դասերին չպատկանող),2016
9,8,1,0,Կրթություն (այլ դասերին չպատկանող),2016
9,8,1,1,"Գործադիր իշխանության, պետական կառավարման հանրապետական եւ տարածքային կառավարման մարմինների  պահպանում",2016
9,8,1,2,"Գործադիր իշխանության, պետական կառավարման հանրապետական եւ տարածքային կառավարման մարմինների պահպանում (նախարարությունների աշխատակազմերի  մասով)",2016
10,0,0,0,ՍՈՑԻԱԼԱԿԱՆ ՊԱՇՏՊԱՆՈՒԹՅՈՒՆ,2016
10,1,0,0,Վատառողջություն եւ անաշխատունակություն,2016
10,1,1,0,Վատառողջություն,2016
10,1,1,1,"Աշխատողների աշխատանքային պարտականությունների կատարման հետ կապված խեղման, մասնագիտական հիվանդության եւ առողջության այլ վնասման հետեւանքով պատճառված վնասի փոխհատուցում",2016
10,1,1,2,Բժշկա-սոցիալական վերականգնման ծառայություններ,2016
10,1,2,0,Անաշխատունակություն,2016
10,1,2,1,"Դպրոցն ավարտած, ինչպես նաեւ ուշ տարիքում տեսողությունը կորցրած հաշմանդամների համար հատուկ տառատեսակներով գրքերի տպագրության, տետրերի պատրաստման եւ «խոսող գրքերի» ձայնագրության ծառայություններ",2016
10,1,2,2,"Հաշմանդամներին  պրոթեզաօրթոպեդիկ պարագաներով, վերականգնման, տեխնիկական միջոցներով  ապահովում եւ դրանց վերանորոգում",2016
10,1,2,3,Հոգեկան առողջության վերականգնման ծառայություններ,2016
10,1,2,4,Մտավոր խնդիրներ ունեցող հաշմանդամ դեռահասների եւ երիտասարդների ցերեկային խնամքի սոցիալ- վերականգնողական ծառայություններ,2016
10,1,2,5,Հաշմանդամներին սայլակներով եւ լսողական սարքերով ապահովում,2016
10,1,2,6,Եվրոպական արտադրության լսողական սարքերի ձեռքբերման համար հավաստագրերի տրամադրում,2016
10,1,2,7,Հաշմանդամություն ունեցող երեխաների եւ երիտասարդների սոցիալ- հոգեբանական աջակցություն ցերեկային կենտրոնում,2016
10,2,0,0,Ծերություն,2016
10,2,1,0,Ծերություն,2016
10,2,1,1,Սպայական անձնակազմի եւ նրանց ընտանիքների անդամների կենսաթոշակներ,2016
10,2,1,2,Շարքային զինծառայողների եւ նրանց ընտանիքների անդամների կենսաթոշակներ,2016
10,2,1,3,"Ծերության, հաշմանդամության, կերակրողին կորցնելու դեպքում սոցիալական նպաստներ",2016
10,2,1,4,ՀՀ օրենքներով նշանակված կենսաթոշակներ ,2016
10,2,1,5,Տարեցների եւ հաշմանդամություն ունեցող 18 տարին լրացած անձանց շուրջօրյա  խնամքի ծառայություններ,2016
10,2,1,6,Տնային  պայմաններում միայնակ տարեցների  սոցիալական սպասարկում,2016
10,2,1,7,Հոգեկան առողջության խնդիրներ ունեցող անձանց ցերեկային խնամքի ծառայություններ,2016
10,2,1,8,"ՀՀ մարզերում միայնակ տարեցներին, հաշմանդամներին տնային պայմաններում եւ տարեցների ցերեկային խնամքի կենտրոններում սոցիալական սպասարկում",2016
10,2,1,9,Աշխատանքային կենսաթոշակներ,2016
10,2,1,10,Վանաձորի տարեցների տանը խնամվողներին շուրջօրյա խնամք եւ սոցիալական սպասարկում,2016
10,2,1,11,Կուտակային կենսաթոշակային համակարգի ներդնում,2016
10,3,0,0,Հարազատին կորցրած անձինք,2016
10,3,1,0,Հարազատին կորցրած անձինք,2016
10,3,1,1,Զոհված հետմահու Հայաստանի ազգային հերոսների եւ Մարտական խաչ շքանշանով պարգեւատրված անձի ընտանիքի անդամներին տրվող պարգեւավճար ,2016
10,3,1,2,"Կենսաթոշակառուի, ծերության, հաշմանդամության, կերակրողին կորցնելու դեպքում սոցիալական նպաստառուի մահվան դեպքում տրվող թաղման նպաստ",2016
10,3,1,3,"Հասարակության եւ պետության հանդեպ հատուկ ծառայություններ ունեցած քաղաքացիների մահվան դեպքում հրաժեշտի ծիսակատարության եւ թաղման կազմակերպում,  գերեզմանի բարեկարգման, մահարձանի եւ հուշատախտակի պատրաստման ու տեղադրման աշխատանքներին աջակցություն",2016
10,4,0,0,Ընտանիքի անդամներ եւ զավակներ,2016
10,4,1,0,Ընտանիքի անդամներ եւ զավակներ,2016
10,4,1,1,"Միանվագ սոցիալական ապահովագրության վճարներ ՀՀ պաշտպանության,փրկարարական եւ ՀՀ քննչական կոմիտեում ծառայության ժամանակ հաշմանդամ դարձած զինծառայողներին եւ զոհված (մահացած) զինծառայողների ու փրկարար ծառայողների  ընտանիքներին",2016
10,4,1,2,Ընտանիքի կենսամակարդակի բարձրացմանն ուղղված նպաստներ,2016
10,4,1,3,Մինչեւ 2 տարեկան երեխայի խնամքի նպաստ,2016
10,4,1,4,Երեխաների շուրջօրյա խնամքի բնակչության սոցիալական պաշտպանության հաստատությունների շրջանավարտներին աջակցություն եւ խորհրդատվություն  ,2016
10,4,1,5,Մայրության նպաստի վճարում,2016
10,4,1,6,Երեխայի  ծննդյան միանվագ նպաստ,2016
10,4,1,7,"Վարժական հավաքների եւ զինծառայության եւ փրկարարական ծառայության  ընթացքում մահացած ( զոհված) զինծառայողների  ու փրկարար ծառայողների հուղարկավորության, գերեզմանների բարեկարգման, տապանաքարերի պատրաստման եւ տեղադրման հետ կապված  ծախսերի փոխհատուցում",2016
10,4,1,8,Երեխաների շուրջօրյա խնամքի ծառայություններ,2016
10,4,1,9,ՀՀ երեխաների շուրջօրյա խնամք եւ պաշտպանություն իրականացնող հաստատություններում խնամվող երեխաներին ընտանիքներ վերադարձնելու ծառայություններ (բեռնաթափում),2016
10,4,1,10,Սոցիալական հոգածության ցերեկային կենտրոնների երեխաներին սոցիալական ծառայությունների տրամադրում,2016
10,4,1,11,ՀՀ  քաղաքացիական գործերով վերաքննիչ դատարանի 05-1680 գործով 15.07.2005թ. վճռի համաձայն Հայաստանի Հանրապետության կողմից կերակրողը կորցնելու կապակցությամբ կրած վնասի փոխհատուցում,2016
10,4,1,12,Երեխաների գիշերօթիկ խնամքի ծառայություններ,2016
10,4,1,13,Երեխաների խնամքի ցերեկային կենտրոնների կողմից կյանքի դժվար իրավիճակներում հայտնված երեխաների սոցիալական հոգածության ծառայություններ,2016
10,4,1,14,Խնամատար ընտանիքում երեխայի խնամքի եւ դաստիարակության աջակցության տրամադրում,2016
10,4,1,15,Երեխաների շուրջօրյա խնամքի բնակչության սոցիալական պաշտպանության հաստատություններում խնամվող դպրոցական տարիքի երեխաներին դրամական աջակցության տրամադրում ,2016
10,4,1,16,Երեխաների շուրջօրյա խնամքի բնակչության սոցիալական պաշտպանության հաստատությունների շրջանավարտներին միանվագ դրամական օգնության տրամադրում ,2016
10,4,1,17,Կենսաբանական ընտանիք տեղափոխված երեխաների ընտանիքներին բնաիրային  օգնության փաթեթի տրամադրում ,2016
10,4,1,18,ՀՀ  քաղաքացիական գործերով վերաքննիչ դատարանի 07-3832 գործով 03.11.2007թ. վճռի համաձայն Հայաստանի Հանրապետության կողմից կերակրողը կորցնելու կապակցությամբ կրած վնասի փոխհատուցում,2016
10,4,1,19,ՀՀ քաղաքացիական գործերով վերաքննիչ դատարանի գործով վճիռների համաձայն կրած վնասների փոխհատուցում,2016
10,4,1,20,Կյանքի դժվարին իրավիճակում հայտնված երեխաներին ժամանակավոր խնամքի տրամադրման ծառայություններ ,2016
10,4,1,21,Երեւան քաղաքի Կենտրոն եւ Նորք Մարաշ վարչական շրջանների ընդհանուր իրավասության 1-ին ատյանի դատարանի 08.06.2012թ. Գործ N ԵԴԿ /1247/02/10/ վճռի համաձայն Հայաստանի Հանրապետության կողմից կերակրողը կորցնելու կապակցությամբ կրած վնասի փոխհատուցում,2016
10,4,1,22,Հաշմանդամ երեխաների ցերեկային խնամքի ծառայությունների մատուցում Երեւանի Մալաթիա-Սեբաստիա վարչական շրջանի N 92 ներառական մանկապարտեզում,2016
10,5,0,0,Գործազրկություն,2016
10,5,1,0,Գործազրկություն,2016
10,5,1,1,Աշխատաշուկայում անմրցունակ անձանց փոքր ձեռնարկատիրական գործունեության աջակցության տրամադրում,2016
10,5,1,2,Աշխատաշուկայում անմրցունակ անձանց  աշխատանքի տեղավորման դեպքում գործատուին աշխատավարձի մասնակի եւ հաշմանդամություն ունեցող անձին ուղեկցողի համար դրամական օգնության տրամադրում ,2016
10,5,1,3,Գործազուրկների եւ աշխատանքից ազատման ռիսկ ունեցող՝ աշխատանք փնտրող անձանց մասնագիտական ուսուցման կազմակերպում,2016
10,5,1,4,"Մասնագիտական կողմնորոշման, համակարգի մեթոդաբանության ապահովման եւ կադրերի վերապատրաստման ծառայություններ ",2016
10,5,1,5,Գործազուրկների այլ վայրում աշխատանքի տեղավորման աջակցության տրամադրում ,2016
10,5,1,6,Աշխատաշուկայի հետազոտման աշխատանքների կազմակերպում,2016
10,5,1,7,Աշխատանքի տոնավաճառի կազմակերպում,2016
10,5,1,8,"Աշխատանք փնտրող հաշմանդամների աշխատանքային վերականգնմնան, մասնագիտական վերապատրաստման եւ խորհրդատվության ծառայություններ",2016
10,5,1,9,Ձեռք բերած մասնագիտությամբ մասնագիտական աշխատանքային փորձ ձեռք բերելու համար գործազուրկներին աջակցության տրամադրում,2016
10,5,1,10,Աշխատաշուկայում անմրցունակ անձանց   աշխատանքի տեղավորման դեպքում գործատուին միանվագ փոխհատուցման տրամադրում ,2016
10,5,1,11,Սեզոնային զբաղվածության խթանման միջոցով գյուղացիական տնտեսությանն  աջակցության տրամադրում ,2016
10,5,1,12,Աշխատանքի տեղավորման ոչ պետական կազմակերպության կողմից մատուցվող  ծառայություններից օգտվելու համար աջակցության տրամադրում ,2016
10,5,1,13,Աշխատաշուկայում անմրցունակ անձանց հարմար աշխատանքի տեղավորման նպատակով գործատուներին այցելության  ծախսերի փոխհատուցում ,2016
10,5,1,14,Գործազուրկների եւ աշխատանաքից ազատման ռիսկ ունեցող՝ աշխատանք փնտրող անձանց  կրթաթոշակի տրամադրում,2016
10,5,1,15,Վարձատրվող հասարակական աշխատանքների կազմակերպման միջոցով գործազուրկների ժամանակավոր զբաղվածության ապահովում,2016
10,5,1,16,Աշխատաշուկայում անմրցունակ անձանց անասնապահությամբ զբաղվելու համար աջակցության տրամադրում,2016
10,6,0,0,Բնակարանային ապահովում,2016
10,6,1,0,Բնակարանային ապահովում,2016
10,6,1,1,"Զոհված (մահացած) եւ առաջին, երկրորդ եւ երրորդ կարգի հաշմանդամ զինծառայողների  անօթեւան ընտանիքներին բնակարանով ապահովում եւ բնակարանային պայմանների բարելավում",2016
10,6,1,40,"ՀՀ մանկական խնամակալական կազմակերպությունների շրջանավարտներին բնակարանների, կահույքի, կենցաղային սարքերի եւ սարքավորումների տրամադրում",2016
10,6,1,41,Երկրաշարժի հետեւանքով անօթեւան մնացած ընտանիքների բնակարանային ապահովում Ռուսաստանի Դաշնության  կողմից Հայաստանի Հանրապետությանը տրամարված վարկային միջոցների հաշվին,2016
10,7,0,0,Սոցիալական հատուկ արտոնություններ (այլ դասերին չպատկանող),2016
10,7,1,0,Սոցիալական հատուկ արտոնություններ (այլ դասերին չպատկանող),2016
10,7,1,1,Վետերանների պատվովճարներ,2016
10,7,1,2,Փախստականների սոցիալական խնդիրների լուծման միջոցառումներ,2016
10,7,1,3,Փախստականների կեցության խնդիրների լուծման միջոցառումներ,2016
10,7,1,4,"ՀՄՊ մասնակիցներին, ՀՄՊ եւ այլ պետություններում մարտական գործողությունների ընթացքում զոհված զինծառայողների ընտանիքներին տրվող եւ  25.11.1998թ. ՀՕ-258 օրենքի 34.1 հոդվածի 1-ին մասով սահմանված պարգեւավճարների տրամադրում",2016
10,7,1,5,Անօթեւան մարդկանց համար ժամանակավոր օթեւանի տրամադրման ծառայություններ,2016
10,7,1,6,"«ՎՏԲ-Հայաստան» ՓԲԸ-ում ավանդատու հանդիսացող քաղաքացիների, որպես նախկին ԽՍՀՄ Խնայբանկի ՀԽՍՀ հանրապետական բանկում մինչեւ 1993 թվականի հունիսի 10-ը ներդրված դրամական ավանդների  դիմաց փոխհատուցում",2016
10,7,1,7,Սոցիալական բնակարանային ֆոնդի սպասարկման ծառայությունների տրամադրում,2016
10,8,0,0,Սոցիալական պաշտպանության ոլորտում հետազոտական եւ նախագծային աշխատանքներ,2016
10,8,1,0,Սոցիալական պաշտպանության ոլորտում հետազոտական եւ նախագծային աշխատանքներ,2016
10,9,0,0,Սոցիալական պաշտպանություն (այլ դասերին չպատկանող),2016
10,9,1,0,Սոցիալական պաշտպանություն (այլ դասերին չպատկանող),2016
10,9,1,1,"Գործադիր իշխանության, պետական կառավարման հանրապետական եւ տարածքային կառավարման մարմինների  պահպանում",2016
10,9,1,2,"Գործադիր իշխանության, պետական կառավարման հանրապետական եւ տարածքային կառավարման մարմինների պահպանում (նախարարությունների աշխատակազմերի  մասով)",2016
10,9,1,3,Սոցիալական օգնության ծառայությունների գործունեության կազմակերպման բնագավառում պետության կողմից համայնքի ղեկավարին պատվիրակված լիազորությունների իրականացման ֆինանսավորում,2016
10,9,1,4,Համաշխարհային բանկի աջակցությամբ իրականացվող  սոցիալական պաշտպանության ոլորտի վարչարարության  երկրորդ ծրագիր,2016
10,9,1,5,Համալիր սոցիալական ծառայության տարածքային կենտրոնների աշխատողների այցելության ծախսերի փոխհատուցում,2016
10,9,1,6,ՀՀ ՏԿԱԻՆ միգրացիոն պետական ծառայության եւ Նիդերլանդների անվտանգության եւ արդարադատության նախարարության միջեւ կնքված համաձայնագրի (Նիդերլանդներից վեր.Հայ.քաղ.վերաինտեգրման օգն.շրջ.խորհր.եւ ուղղորդ.ծառ.մատուցման մասին) դրամաշնորհային ծրագիր,2016
10,9,1,7,ՀՀ տարածքային կառավարման նախարարության միգրացիոն պետական ծառայության եւ ՄԱԿ-ի փախստականների գծով գերագույն հանձնակատարի հայաստանյան գրասենյակի միջեւ կնքված ենթահամաձայնագրերի շրջանակներում հատկացվող ֆինանսական աջակցություն,2016
10,9,2,0,Սոցիալական պաշտպանությանը տրամադրող օժանդակ ծառայություններ (այլ դասերին չպատկանող),2016
10,9,2,1,Փախստականների եւ նրանց ընտանիքների վերաբերյալ տեղեկատվության կուտակում,2016
10,9,2,2,Պետական հիմնարկների եւ կազմակերպությունների աշխատողների սոցիալական  փաթեթով ապահովում,2016
10,9,2,3,ԲՍՓ ձեւաթղթի տպագրության ծառայություններ,2016
10,9,2,4,ՍԾՏԳ ձեւաթղթերի տպագրության ծառայություններ,2016
10,9,2,5,"Մեթոդաբանական ձեռնարկների մշակում, հետազոտությունների անցկացում եւ  սոցիալական ապահովության ոլորտի կադրերի վերապատրաստում",2016
10,9,2,6,"Կենսաթոշակային ապահովության, ծերության, հաշմանդամության, կերակրողին կորցնելու դեպքում սոցիալական նպաստների, պարգեւավճարների , պատվովճարների եւ այլ ծրագրերի վճարման հետ կապված  ծառայություններ",2016
10,9,2,7,Հանրային իրազեկման միջոցառումների իրականացում,2016
10,9,2,8,Ժամանակավոր անաշխատունակության դեպքում նպաստի վճարում,2016
10,9,2,9,Ընտանիքի կենսամակարդակի բարձրացմանն ուղղված նպաստների տրամադրման հետ կապված վարչարարական ծառայություններ,2016
10,9,2,10,Ժամանակավոր անաշխատունակության թերթիկների տպագրություն,2016
10,9,2,11,Կենսաթոշակի նշանակման եւ վճարման համար անհրաժեշտ ձեւաթղթերի տպագրություն,2016
10,9,2,12,Թրաֆիքինգի զոհերին սոցիալ- հոգեբանական վերականգնողական ծառայություններ,2016
10,9,2,13,"Զինվորական կենսաթոշակառուների տեղեկատվական  համակարգի ներդրման, վարման, սպասարկման եւ տեղեկատվության տրամադրման ծառայություններ",2016
10,9,2,14,"Սոցիալական պաշտպանության ոլորտի տեղեկատվական համակարգի սպասարկման (կատարեագործման), շահագործման եւ տեղեկատվության տրամադրման ծառայություններ",2016
10,9,2,15,Կենսաթոշակառուների հաշվառման միասնական տեղեկատվական համակարգի սպասարկման ծառայություններ,2016
10,9,2,16,Սոցիալական ապահովության պետական ծառայության տեղեկատվական ներքին պորտալի սպասարկում,2016
10,9,2,17,"«ՎՏԲ- Հայաստան» ՓԲԸ-ում ավանդատու հանդիսացող քաղաքացիների, որպես նախկին ԽՍՀՄ Խնայբանկի ՀԽՍՀ հանրապետական բանկում մինչեւ 1993 թվականի հունիսի 10-ը ներդրված դրամական ավանդների դիմաց փոխհատուցման վճարման հետ կապված  ծառայություններ",2016
10,9,2,18,Զոհված` հետմահու Հայաստանի ազգային հերոսների եւ  Մարտական խաչ շքանշանով պարգեւատրված անձի ընտանիքի  անդամներին տրվող պարգեւավճարի վճարման հետ կապված ծառայություններ,2016
10,9,2,19,Ընտանիքի կենսամակարդակի բարձրացմանն ուղղված նպաստների վճարման հետ կապված ծառայություններ,2016
10,9,2,20,Մինչեւ 2 տարեկան երեխայի խնամքի նպաստի վճարման հետ կապված ծառայություններ,2016
10,9,2,21,Երեխայի  ծննդյան միանվագ նպաստի վճարման հետ կապված ծառայություններ,2016
10,9,2,22,Սեզոնային զբաղվածության խթանման միջոցով գյուղացիական տնտեսության աջակցության իրականացման ապահովում,2016
10,9,2,23,Վարձատրվող հասարակական աշխատանքների կազմակերպման միջոցով գործազուրկների ժամանակավոր զբաղվածության իրականացման ապահովում,2016
10,9,2,24,Կենսաթոշակային համակարգի հանրային իրազեկման աշխատանքներ,2016
10,9,2,25,Չաշխատող անձին մայրության նպաստի վճարման հետ կապված  ծառայություններ,2016
10,9,2,26,Սոցիալական ոլորտի բարեփոխումների դրամաշնորհային ծրագիր,2016
10,9,2,27,ՀՀ աշխատանքի եւ սոցիալական հարցերի նախարարության «Երեւանի թիվ 1 տուն-ինտերնատ» ՊՈԱԿ տարածքում անկողնային խնամք ստացող անձանց սպասարկման նպատակով կառուցվելիք նոր մասնաշենքի շինարարական աշխատանքների իրականացում» դրամաշնորհային ծրագիր,2016
10,9,2,40,Սոցիալական ապահովության քարտերի համակարգի հետ կապված վարչարարական ծառայություններ,2016
10,9,2,41,"Սոցիալապես անապահով ընտանիքների երեխաների կրթական  կարիքների գնահատման, դրանց համարժեք սոցիալական ծառայությունների տրամադրում",2016
11,0,0,0,ՀԻՄՆԱԿԱՆ ԲԱԺԻՆՆԵՐԻՆ ՉԴԱՍՎՈՂ ՊԱՀՈՒՍՏԱՅԻՆ ՖՈՆԴԵՐ,2016
11,1,0,0,ՀՀ կառավարության եւ համայնքների պահուստային ֆոնդ,2016
11,1,1,0,ՀՀ կառավարության պահուստային ֆոնդ,2016
11,1,1,1,ՀՀ կառավարության պահուստային ֆոնդ,2016
11,1,2,0,ՀՀ համայնքների պահուստային ֆոնդ,2016
11,2,0,0,"ՀՀ կառավարության կողմից առանց սահմանափակման իրականացվող ծախս""ր",2016
11,2,1,0,"ՀՀ կառավարության կողմից առանց սահմանափակման իրականացվող ծախս""ր",2016
11,4,0,0, ,2016
11,5,0,0, ,2016
11,6,0,0, ,2016
11,7,0,0, ,2016
